<?xml version="1.0" encoding="UTF-8"?>
<!-- Product Version: Vivado v2019.2 (64-bit)                     -->
<!--                                                              -->
<!-- Copyright 1986-2019 Xilinx, Inc. All Rights Reserved.        -->

<hwsession version="1" minor="2">
  <device name="xc7a35t_0" gui_info="dashboard1=hw_ila_1[xc7a35t_0/hw_ila_1/Settings=ILA_SETTINGS_1;xc7a35t_0/hw_ila_1/Status=ILA_STATUS_1;xc7a35t_0/hw_ila_1/Trigger Setup=ILA_TRIGGER_1;xc7a35t_0/hw_ila_1/Waveform=ILA_WAVE_1;xc7a35t_0/hw_ila_1/Capture Setup=ILA_CAPTURE_1;]"/>
  <ObjectList object_type="hw_cfgmem" gui_info="">
    <Object name="" gui_info="">
      <Properties Property="PROGRAM.ADDRESS_RANGE" value="use_file"/>
      <Properties Property="PROGRAM.BLANK_CHECK" value="0"/>
      <Properties Property="PROGRAM.BPI_RS_PINS" value="none"/>
      <Properties Property="PROGRAM.CFG_PROGRAM" value="1"/>
      <Properties Property="PROGRAM.CHECKSUM" value="0"/>
      <Properties Property="PROGRAM.ERASE" value="1"/>
      <Properties Property="PROGRAM.FILES" value="$_project_name_.runs/impl_1/basys3.bin"/>
      <Properties Property="PROGRAM.PRM_FILE" value=""/>
      <Properties Property="PROGRAM.UNUSED_PIN_TERMINATION" value="pull-none"/>
      <Properties Property="PROGRAM.VERIFY" value="1"/>
    </Object>
  </ObjectList>
  <ObjectList object_type="hw_device" gui_info="">
    <Object name="xc7a35t_0" gui_info="">
      <Properties Property="FULL_PROBES.FILE" value="$_project_name_.runs/impl_1/basys3.ltx"/>
      <Properties Property="PROBES.FILE" value="$_project_name_.runs/impl_1/basys3.ltx"/>
      <Properties Property="PROGRAM.HW_BITSTREAM" value=""/>
      <Properties Property="PROGRAM.HW_CFGMEM_PART" value="s25fl032p-spi-x1_x2_x4"/>
      <Properties Property="SLR.COUNT" value="1"/>
    </Object>
  </ObjectList>
  <ObjectList object_type="hw_ila" gui_info="">
    <Object name="u_ila_0" gui_info="">
      <Properties Property="CONTROL.TRIGGER_CONDITION" value="AND"/>
      <Properties Property="CORE_REFRESH_RATE_MS" value="500"/>
    </Object>
  </ObjectList>
  <ObjectList object_type="hw_probe" gui_info="">
    <Object name="CLKButton_IBUF" gui_info="Trigger Setup=0"/>
    <Object name="CPUCLK" gui_info="Trigger Setup=0"/>
    <Object name="cpu/PCNowOut[7:1]" gui_info=""/>
    <Object name="timeMux/Out[3]_i_1_n_0" gui_info="Trigger Setup=0"/>
  </ObjectList>
  <probeset name="hw project" active="false">
    <probe type="ila" busType="net" source="netlist" spec="ILA_V2_RT">
      <probeOptions Id="DebugProbeParams">
        <Option Id="CAPTURE_COMPARE_VALUE" value="eq32&apos;hXXXX_XXXX"/>
        <Option Id="COMPARE_VALUE.0" value="eq32&apos;hXXXX_XXXX"/>
        <Option Id="DISPLAY_AS_ENUM" value="1"/>
        <Option Id="DISPLAY_HINT" value=""/>
        <Option Id="DISPLAY_RADIX" value="HEX"/>
        <Option Id="DISPLAY_VISIBILITY" value=""/>
        <Option Id="HW_ILA" value="hw_ila_1"/>
        <Option Id="LINK_TO_WAVEFORM" value="1"/>
        <Option Id="MAP" value="probe10[31:0]"/>
        <Option Id="NAME.CUSTOM" value=""/>
        <Option Id="NAME.SELECT" value="Long"/>
        <Option Id="SOURCE" value="netlist"/>
        <Option Id="TRIGGER_COMPARE_VALUE" value="eq32&apos;hXXXX_XXXX"/>
        <Option Id="WAVEFORM_STYLE" value="Digital"/>
      </probeOptions>
      <nets>
        <net name="ALUout[31]"/>
        <net name="ALUout[30]"/>
        <net name="ALUout[29]"/>
        <net name="ALUout[28]"/>
        <net name="ALUout[27]"/>
        <net name="ALUout[26]"/>
        <net name="ALUout[25]"/>
        <net name="ALUout[24]"/>
        <net name="ALUout[23]"/>
        <net name="ALUout[22]"/>
        <net name="ALUout[21]"/>
        <net name="ALUout[20]"/>
        <net name="ALUout[19]"/>
        <net name="ALUout[18]"/>
        <net name="ALUout[17]"/>
        <net name="ALUout[16]"/>
        <net name="ALUout[15]"/>
        <net name="ALUout[14]"/>
        <net name="ALUout[13]"/>
        <net name="ALUout[12]"/>
        <net name="ALUout[11]"/>
        <net name="ALUout[10]"/>
        <net name="ALUout[9]"/>
        <net name="ALUout[8]"/>
        <net name="ALUout[7]"/>
        <net name="ALUout[6]"/>
        <net name="ALUout[5]"/>
        <net name="ALUout[4]"/>
        <net name="ALUout[3]"/>
        <net name="ALUout[2]"/>
        <net name="ALUout[1]"/>
        <net name="ALUout[0]"/>
      </nets>
    </probe>
    <probe type="ila" busType="net" source="netlist" spec="ILA_V2_RT">
      <probeOptions Id="DebugProbeParams">
        <Option Id="CAPTURE_COMPARE_VALUE" value="eq1&apos;bX"/>
        <Option Id="COMPARE_VALUE.0" value="eq1&apos;bX"/>
        <Option Id="DISPLAY_AS_ENUM" value="1"/>
        <Option Id="DISPLAY_HINT" value=""/>
        <Option Id="DISPLAY_RADIX" value="HEX"/>
        <Option Id="DISPLAY_VISIBILITY" value=""/>
        <Option Id="HW_ILA" value="u_ila_0"/>
        <Option Id="LINK_TO_WAVEFORM" value="1"/>
        <Option Id="MAP" value="probe2[0]"/>
        <Option Id="NAME.CUSTOM" value=""/>
        <Option Id="NAME.SELECT" value="Long"/>
        <Option Id="SOURCE" value="netlist"/>
        <Option Id="TRIGGER_COMPARE_VALUE" value="eq1&apos;bX"/>
        <Option Id="WAVEFORM_STYLE" value="Digital"/>
      </probeOptions>
      <nets>
        <net name="BasysCLK_IBUF"/>
      </nets>
    </probe>
    <probe type="ila" busType="net" source="netlist" spec="ILA_V2_RT">
      <probeOptions Id="DebugProbeParams">
        <Option Id="CAPTURE_COMPARE_VALUE" value="eq1&apos;bX"/>
        <Option Id="COMPARE_VALUE.0" value="eq1&apos;bB"/>
        <Option Id="DISPLAY_AS_ENUM" value="1"/>
        <Option Id="DISPLAY_HINT" value=""/>
        <Option Id="DISPLAY_RADIX" value="HEX"/>
        <Option Id="DISPLAY_VISIBILITY" value=""/>
        <Option Id="HW_ILA" value="hw_ila_1"/>
        <Option Id="LINK_TO_WAVEFORM" value="1"/>
        <Option Id="MAP" value="probe3[0]"/>
        <Option Id="NAME.CUSTOM" value=""/>
        <Option Id="NAME.SELECT" value="Long"/>
        <Option Id="SOURCE" value="netlist"/>
        <Option Id="TRIGGER_COMPARE_VALUE" value="eq1&apos;bB"/>
        <Option Id="WAVEFORM_STYLE" value="Digital"/>
      </probeOptions>
      <nets>
        <net name="CLKButton_IBUF"/>
      </nets>
    </probe>
    <probe type="ila" busType="net" source="netlist" spec="ILA_V2_RT">
      <probeOptions Id="DebugProbeParams">
        <Option Id="CAPTURE_COMPARE_VALUE" value="eq1&apos;bX"/>
        <Option Id="COMPARE_VALUE.0" value="eq1&apos;b1"/>
        <Option Id="DISPLAY_AS_ENUM" value="1"/>
        <Option Id="DISPLAY_HINT" value=""/>
        <Option Id="DISPLAY_RADIX" value="HEX"/>
        <Option Id="DISPLAY_VISIBILITY" value=""/>
        <Option Id="HW_ILA" value="hw_ila_1"/>
        <Option Id="LINK_TO_WAVEFORM" value="1"/>
        <Option Id="MAP" value="probe12[0]"/>
        <Option Id="NAME.CUSTOM" value=""/>
        <Option Id="NAME.SELECT" value="Long"/>
        <Option Id="SOURCE" value="netlist"/>
        <Option Id="TRIGGER_COMPARE_VALUE" value="eq1&apos;b1"/>
        <Option Id="WAVEFORM_STYLE" value="Digital"/>
      </probeOptions>
      <nets>
        <net name="CPUCLK"/>
      </nets>
    </probe>
    <probe type="ila" busType="net" source="netlist" spec="ILA_V2_RT">
      <probeOptions Id="DebugProbeParams">
        <Option Id="CAPTURE_COMPARE_VALUE" value="eq32&apos;hXXXX_XXXX"/>
        <Option Id="COMPARE_VALUE.0" value="eq32&apos;hXXXX_XXXX"/>
        <Option Id="DISPLAY_AS_ENUM" value="1"/>
        <Option Id="DISPLAY_HINT" value=""/>
        <Option Id="DISPLAY_RADIX" value="HEX"/>
        <Option Id="DISPLAY_VISIBILITY" value=""/>
        <Option Id="HW_ILA" value="hw_ila_1"/>
        <Option Id="LINK_TO_WAVEFORM" value="1"/>
        <Option Id="MAP" value="probe11[31:0]"/>
        <Option Id="NAME.CUSTOM" value=""/>
        <Option Id="NAME.SELECT" value="Long"/>
        <Option Id="SOURCE" value="netlist"/>
        <Option Id="TRIGGER_COMPARE_VALUE" value="eq32&apos;hXXXX_XXXX"/>
        <Option Id="WAVEFORM_STYLE" value="Digital"/>
      </probeOptions>
      <nets>
        <net name="DBOut[31]"/>
        <net name="DBOut[30]"/>
        <net name="DBOut[29]"/>
        <net name="DBOut[28]"/>
        <net name="DBOut[27]"/>
        <net name="DBOut[26]"/>
        <net name="DBOut[25]"/>
        <net name="DBOut[24]"/>
        <net name="DBOut[23]"/>
        <net name="DBOut[22]"/>
        <net name="DBOut[21]"/>
        <net name="DBOut[20]"/>
        <net name="DBOut[19]"/>
        <net name="DBOut[18]"/>
        <net name="DBOut[17]"/>
        <net name="DBOut[16]"/>
        <net name="DBOut[15]"/>
        <net name="DBOut[14]"/>
        <net name="DBOut[13]"/>
        <net name="DBOut[12]"/>
        <net name="DBOut[11]"/>
        <net name="DBOut[10]"/>
        <net name="DBOut[9]"/>
        <net name="DBOut[8]"/>
        <net name="DBOut[7]"/>
        <net name="DBOut[6]"/>
        <net name="DBOut[5]"/>
        <net name="DBOut[4]"/>
        <net name="DBOut[3]"/>
        <net name="DBOut[2]"/>
        <net name="DBOut[1]"/>
        <net name="DBOut[0]"/>
      </nets>
    </probe>
    <probe type="ila" busType="net" source="netlist" spec="ILA_V2_RT">
      <probeOptions Id="DebugProbeParams">
        <Option Id="CAPTURE_COMPARE_VALUE" value="eq3&apos;hX"/>
        <Option Id="COMPARE_VALUE.0" value="eq3&apos;hX"/>
        <Option Id="DISPLAY_AS_ENUM" value="1"/>
        <Option Id="DISPLAY_HINT" value=""/>
        <Option Id="DISPLAY_RADIX" value="HEX"/>
        <Option Id="DISPLAY_VISIBILITY" value=""/>
        <Option Id="HW_ILA" value="u_ila_1"/>
        <Option Id="LINK_TO_WAVEFORM" value="1"/>
        <Option Id="MAP" value="probe2[5:3]"/>
        <Option Id="NAME.CUSTOM" value=""/>
        <Option Id="NAME.SELECT" value="Long"/>
        <Option Id="SOURCE" value="netlist"/>
        <Option Id="TRIGGER_COMPARE_VALUE" value="eq3&apos;hX"/>
        <Option Id="WAVEFORM_STYLE" value="Digital"/>
      </probeOptions>
      <nets>
        <net name="DBOut[7]"/>
        <net name="DBOut[6]"/>
        <net name="DBOut[5]"/>
      </nets>
    </probe>
    <probe type="ila" busType="net" source="netlist" spec="ILA_V2_RT">
      <probeOptions Id="DebugProbeParams">
        <Option Id="CAPTURE_COMPARE_VALUE" value="eq3&apos;hX"/>
        <Option Id="COMPARE_VALUE.0" value="eq3&apos;hX"/>
        <Option Id="DISPLAY_AS_ENUM" value="1"/>
        <Option Id="DISPLAY_HINT" value=""/>
        <Option Id="DISPLAY_RADIX" value="HEX"/>
        <Option Id="DISPLAY_VISIBILITY" value=""/>
        <Option Id="HW_ILA" value="u_ila_1"/>
        <Option Id="LINK_TO_WAVEFORM" value="1"/>
        <Option Id="MAP" value="probe2[2:0]"/>
        <Option Id="NAME.CUSTOM" value=""/>
        <Option Id="NAME.SELECT" value="Long"/>
        <Option Id="SOURCE" value="netlist"/>
        <Option Id="TRIGGER_COMPARE_VALUE" value="eq3&apos;hX"/>
        <Option Id="WAVEFORM_STYLE" value="Digital"/>
      </probeOptions>
      <nets>
        <net name="DBOut_1[3]"/>
        <net name="DBOut_1[2]"/>
        <net name="DBOut_1[1]"/>
      </nets>
    </probe>
    <probe type="ila" busType="net" source="netlist" spec="ILA_V2_RT">
      <probeOptions Id="DebugProbeParams">
        <Option Id="CAPTURE_COMPARE_VALUE" value="eq4&apos;hX"/>
        <Option Id="COMPARE_VALUE.0" value="eq4&apos;hX"/>
        <Option Id="DISPLAY_AS_ENUM" value="1"/>
        <Option Id="DISPLAY_HINT" value=""/>
        <Option Id="DISPLAY_RADIX" value="HEX"/>
        <Option Id="DISPLAY_VISIBILITY" value=""/>
        <Option Id="HW_ILA" value="hw_ila_1"/>
        <Option Id="LINK_TO_WAVEFORM" value="1"/>
        <Option Id="MAP" value="probe1[3:0]"/>
        <Option Id="NAME.CUSTOM" value=""/>
        <Option Id="NAME.SELECT" value="Long"/>
        <Option Id="SOURCE" value="netlist"/>
        <Option Id="TRIGGER_COMPARE_VALUE" value="eq4&apos;hX"/>
        <Option Id="WAVEFORM_STYLE" value="Digital"/>
      </probeOptions>
      <nets>
        <net name="Out[3]"/>
        <net name="Out[2]"/>
        <net name="Out[1]"/>
        <net name="Out[0]"/>
      </nets>
    </probe>
    <probe type="ila" busType="net" source="netlist" spec="ILA_V2_RT">
      <probeOptions Id="DebugProbeParams">
        <Option Id="CAPTURE_COMPARE_VALUE" value="eq1&apos;bX"/>
        <Option Id="COMPARE_VALUE.0" value="eq1&apos;bX"/>
        <Option Id="DISPLAY_AS_ENUM" value="1"/>
        <Option Id="DISPLAY_HINT" value=""/>
        <Option Id="DISPLAY_RADIX" value="HEX"/>
        <Option Id="DISPLAY_VISIBILITY" value=""/>
        <Option Id="HW_ILA" value="u_ila_0"/>
        <Option Id="LINK_TO_WAVEFORM" value="1"/>
        <Option Id="MAP" value="probe6[0]"/>
        <Option Id="NAME.CUSTOM" value=""/>
        <Option Id="NAME.SELECT" value="Long"/>
        <Option Id="SOURCE" value="netlist"/>
        <Option Id="TRIGGER_COMPARE_VALUE" value="eq1&apos;bX"/>
        <Option Id="WAVEFORM_STYLE" value="Digital"/>
      </probeOptions>
      <nets>
        <net name="RST_IBUF"/>
      </nets>
    </probe>
    <probe type="ila" busType="bus" source="netlist" spec="ILA_V2_RT">
      <probeOptions Id="DebugProbeParams">
        <Option Id="CAPTURE_COMPARE_VALUE" value="eq5&apos;hXX"/>
        <Option Id="COMPARE_VALUE.0" value="eq5&apos;hXX"/>
        <Option Id="DISPLAY_AS_ENUM" value="1"/>
        <Option Id="DISPLAY_HINT" value=""/>
        <Option Id="DISPLAY_RADIX" value="HEX"/>
        <Option Id="DISPLAY_VISIBILITY" value=""/>
        <Option Id="HW_ILA" value="u_ila_0"/>
        <Option Id="LINK_TO_WAVEFORM" value="1"/>
        <Option Id="MAP" value=""/>
        <Option Id="NAME.CUSTOM" value=""/>
        <Option Id="NAME.SELECT" value="Long"/>
        <Option Id="SOURCE" value="netlist"/>
        <Option Id="TRIGGER_COMPARE_VALUE" value="eq5&apos;hXX"/>
        <Option Id="WAVEFORM_STYLE" value="Digital"/>
      </probeOptions>
      <nets>
        <net name="RsAddr[4]"/>
        <net name="RsAddr[3]"/>
        <net name="RsAddr[2]"/>
        <net name="RsAddr[1]"/>
        <net name="RsAddr[0]"/>
      </nets>
    </probe>
    <probe type="ila" busType="bus" source="netlist" spec="ILA_V2_RT">
      <probeOptions Id="DebugProbeParams">
        <Option Id="CAPTURE_COMPARE_VALUE" value="eq32&apos;hXXXX_XXXX"/>
        <Option Id="COMPARE_VALUE.0" value="eq32&apos;hXXXX_XXXX"/>
        <Option Id="DISPLAY_AS_ENUM" value="1"/>
        <Option Id="DISPLAY_HINT" value=""/>
        <Option Id="DISPLAY_RADIX" value="HEX"/>
        <Option Id="DISPLAY_VISIBILITY" value=""/>
        <Option Id="HW_ILA" value="u_ila_0"/>
        <Option Id="LINK_TO_WAVEFORM" value="1"/>
        <Option Id="MAP" value=""/>
        <Option Id="NAME.CUSTOM" value=""/>
        <Option Id="NAME.SELECT" value="Long"/>
        <Option Id="SOURCE" value="netlist"/>
        <Option Id="TRIGGER_COMPARE_VALUE" value="eq32&apos;hXXXX_XXXX"/>
        <Option Id="WAVEFORM_STYLE" value="Digital"/>
      </probeOptions>
      <nets>
        <net name="RsData[31]"/>
        <net name="RsData[30]"/>
        <net name="RsData[29]"/>
        <net name="RsData[28]"/>
        <net name="RsData[27]"/>
        <net name="RsData[26]"/>
        <net name="RsData[25]"/>
        <net name="RsData[24]"/>
        <net name="RsData[23]"/>
        <net name="RsData[22]"/>
        <net name="RsData[21]"/>
        <net name="RsData[20]"/>
        <net name="RsData[19]"/>
        <net name="RsData[18]"/>
        <net name="RsData[17]"/>
        <net name="RsData[16]"/>
        <net name="RsData[15]"/>
        <net name="RsData[14]"/>
        <net name="RsData[13]"/>
        <net name="RsData[12]"/>
        <net name="RsData[11]"/>
        <net name="RsData[10]"/>
        <net name="RsData[9]"/>
        <net name="RsData[8]"/>
        <net name="RsData[7]"/>
        <net name="RsData[6]"/>
        <net name="RsData[5]"/>
        <net name="RsData[4]"/>
        <net name="RsData[3]"/>
        <net name="RsData[2]"/>
        <net name="RsData[1]"/>
        <net name="RsData[0]"/>
      </nets>
    </probe>
    <probe type="ila" busType="bus" source="netlist" spec="ILA_V2_RT">
      <probeOptions Id="DebugProbeParams">
        <Option Id="CAPTURE_COMPARE_VALUE" value="eq5&apos;hXX"/>
        <Option Id="COMPARE_VALUE.0" value="eq5&apos;hXX"/>
        <Option Id="DISPLAY_AS_ENUM" value="1"/>
        <Option Id="DISPLAY_HINT" value=""/>
        <Option Id="DISPLAY_RADIX" value="HEX"/>
        <Option Id="DISPLAY_VISIBILITY" value=""/>
        <Option Id="HW_ILA" value="u_ila_0"/>
        <Option Id="LINK_TO_WAVEFORM" value="1"/>
        <Option Id="MAP" value=""/>
        <Option Id="NAME.CUSTOM" value=""/>
        <Option Id="NAME.SELECT" value="Long"/>
        <Option Id="SOURCE" value="netlist"/>
        <Option Id="TRIGGER_COMPARE_VALUE" value="eq5&apos;hXX"/>
        <Option Id="WAVEFORM_STYLE" value="Digital"/>
      </probeOptions>
      <nets>
        <net name="RtAddr[4]"/>
        <net name="RtAddr[3]"/>
        <net name="RtAddr[2]"/>
        <net name="RtAddr[1]"/>
        <net name="RtAddr[0]"/>
      </nets>
    </probe>
    <probe type="ila" busType="bus" source="netlist" spec="ILA_V2_RT">
      <probeOptions Id="DebugProbeParams">
        <Option Id="CAPTURE_COMPARE_VALUE" value="eq32&apos;hXXXX_XXXX"/>
        <Option Id="COMPARE_VALUE.0" value="eq32&apos;hXXXX_XXXX"/>
        <Option Id="DISPLAY_AS_ENUM" value="1"/>
        <Option Id="DISPLAY_HINT" value=""/>
        <Option Id="DISPLAY_RADIX" value="HEX"/>
        <Option Id="DISPLAY_VISIBILITY" value=""/>
        <Option Id="HW_ILA" value="u_ila_0"/>
        <Option Id="LINK_TO_WAVEFORM" value="1"/>
        <Option Id="MAP" value=""/>
        <Option Id="NAME.CUSTOM" value=""/>
        <Option Id="NAME.SELECT" value="Long"/>
        <Option Id="SOURCE" value="netlist"/>
        <Option Id="TRIGGER_COMPARE_VALUE" value="eq32&apos;hXXXX_XXXX"/>
        <Option Id="WAVEFORM_STYLE" value="Digital"/>
      </probeOptions>
      <nets>
        <net name="RtData[31]"/>
        <net name="RtData[30]"/>
        <net name="RtData[29]"/>
        <net name="RtData[28]"/>
        <net name="RtData[27]"/>
        <net name="RtData[26]"/>
        <net name="RtData[25]"/>
        <net name="RtData[24]"/>
        <net name="RtData[23]"/>
        <net name="RtData[22]"/>
        <net name="RtData[21]"/>
        <net name="RtData[20]"/>
        <net name="RtData[19]"/>
        <net name="RtData[18]"/>
        <net name="RtData[17]"/>
        <net name="RtData[16]"/>
        <net name="RtData[15]"/>
        <net name="RtData[14]"/>
        <net name="RtData[13]"/>
        <net name="RtData[12]"/>
        <net name="RtData[11]"/>
        <net name="RtData[10]"/>
        <net name="RtData[9]"/>
        <net name="RtData[8]"/>
        <net name="RtData[7]"/>
        <net name="RtData[6]"/>
        <net name="RtData[5]"/>
        <net name="RtData[4]"/>
        <net name="RtData[3]"/>
        <net name="RtData[2]"/>
        <net name="RtData[1]"/>
        <net name="RtData[0]"/>
      </nets>
    </probe>
    <probe type="ila" busType="net" source="netlist" spec="ILA_V2_RT">
      <probeOptions Id="DebugProbeParams">
        <Option Id="CAPTURE_COMPARE_VALUE" value="eq4&apos;hX"/>
        <Option Id="COMPARE_VALUE.0" value="eq4&apos;hX"/>
        <Option Id="DISPLAY_AS_ENUM" value="1"/>
        <Option Id="DISPLAY_HINT" value=""/>
        <Option Id="DISPLAY_RADIX" value="HEX"/>
        <Option Id="DISPLAY_VISIBILITY" value=""/>
        <Option Id="HW_ILA" value="u_ila_0"/>
        <Option Id="LINK_TO_WAVEFORM" value="1"/>
        <Option Id="MAP" value="probe1[3:0]"/>
        <Option Id="NAME.CUSTOM" value=""/>
        <Option Id="NAME.SELECT" value="Long"/>
        <Option Id="SOURCE" value="netlist"/>
        <Option Id="TRIGGER_COMPARE_VALUE" value="eq4&apos;hX"/>
        <Option Id="WAVEFORM_STYLE" value="Digital"/>
      </probeOptions>
      <nets>
        <net name="bits_OBUF[3]"/>
        <net name="bits_OBUF[2]"/>
        <net name="bits_OBUF[1]"/>
        <net name="bits_OBUF[0]"/>
      </nets>
    </probe>
    <probe type="ila" busType="net" source="netlist" spec="ILA_V2_RT">
      <probeOptions Id="DebugProbeParams">
        <Option Id="CAPTURE_COMPARE_VALUE" value="eq32&apos;hXXXX_XXXX"/>
        <Option Id="COMPARE_VALUE.0" value="eq32&apos;hXXXX_XXXX"/>
        <Option Id="DISPLAY_AS_ENUM" value="1"/>
        <Option Id="DISPLAY_HINT" value=""/>
        <Option Id="DISPLAY_RADIX" value="HEX"/>
        <Option Id="DISPLAY_VISIBILITY" value=""/>
        <Option Id="HW_ILA" value="hw_ila_1"/>
        <Option Id="LINK_TO_WAVEFORM" value="1"/>
        <Option Id="MAP" value="probe0[31:0]"/>
        <Option Id="NAME.CUSTOM" value=""/>
        <Option Id="NAME.SELECT" value="Long"/>
        <Option Id="SOURCE" value="netlist"/>
        <Option Id="TRIGGER_COMPARE_VALUE" value="eq32&apos;hXXXX_XXXX"/>
        <Option Id="WAVEFORM_STYLE" value="Digital"/>
      </probeOptions>
      <nets>
        <net name="cpu/ALUDataA[31]"/>
        <net name="cpu/ALUDataA[30]"/>
        <net name="cpu/ALUDataA[29]"/>
        <net name="cpu/ALUDataA[28]"/>
        <net name="cpu/ALUDataA[27]"/>
        <net name="cpu/ALUDataA[26]"/>
        <net name="cpu/ALUDataA[25]"/>
        <net name="cpu/ALUDataA[24]"/>
        <net name="cpu/ALUDataA[23]"/>
        <net name="cpu/ALUDataA[22]"/>
        <net name="cpu/ALUDataA[21]"/>
        <net name="cpu/ALUDataA[20]"/>
        <net name="cpu/ALUDataA[19]"/>
        <net name="cpu/ALUDataA[18]"/>
        <net name="cpu/ALUDataA[17]"/>
        <net name="cpu/ALUDataA[16]"/>
        <net name="cpu/ALUDataA[15]"/>
        <net name="cpu/ALUDataA[14]"/>
        <net name="cpu/ALUDataA[13]"/>
        <net name="cpu/ALUDataA[12]"/>
        <net name="cpu/ALUDataA[11]"/>
        <net name="cpu/ALUDataA[10]"/>
        <net name="cpu/ALUDataA[9]"/>
        <net name="cpu/ALUDataA[8]"/>
        <net name="cpu/ALUDataA[7]"/>
        <net name="cpu/ALUDataA[6]"/>
        <net name="cpu/ALUDataA[5]"/>
        <net name="cpu/ALUDataA[4]"/>
        <net name="cpu/ALUDataA[3]"/>
        <net name="cpu/ALUDataA[2]"/>
        <net name="cpu/ALUDataA[1]"/>
        <net name="cpu/ALUDataA[0]"/>
      </nets>
    </probe>
    <probe type="ila" busType="net" source="netlist" spec="ILA_V2_RT">
      <probeOptions Id="DebugProbeParams">
        <Option Id="CAPTURE_COMPARE_VALUE" value="eq32&apos;hXXXX_XXXX"/>
        <Option Id="COMPARE_VALUE.0" value="eq32&apos;hXXXX_XXXX"/>
        <Option Id="DISPLAY_AS_ENUM" value="1"/>
        <Option Id="DISPLAY_HINT" value=""/>
        <Option Id="DISPLAY_RADIX" value="HEX"/>
        <Option Id="DISPLAY_VISIBILITY" value=""/>
        <Option Id="HW_ILA" value="hw_ila_1"/>
        <Option Id="LINK_TO_WAVEFORM" value="1"/>
        <Option Id="MAP" value="probe2[31:0]"/>
        <Option Id="NAME.CUSTOM" value=""/>
        <Option Id="NAME.SELECT" value="Long"/>
        <Option Id="SOURCE" value="netlist"/>
        <Option Id="TRIGGER_COMPARE_VALUE" value="eq32&apos;hXXXX_XXXX"/>
        <Option Id="WAVEFORM_STYLE" value="Digital"/>
      </probeOptions>
      <nets>
        <net name="cpu/ALUDataB[31]"/>
        <net name="cpu/ALUDataB[30]"/>
        <net name="cpu/ALUDataB[29]"/>
        <net name="cpu/ALUDataB[28]"/>
        <net name="cpu/ALUDataB[27]"/>
        <net name="cpu/ALUDataB[26]"/>
        <net name="cpu/ALUDataB[25]"/>
        <net name="cpu/ALUDataB[24]"/>
        <net name="cpu/ALUDataB[23]"/>
        <net name="cpu/ALUDataB[22]"/>
        <net name="cpu/ALUDataB[21]"/>
        <net name="cpu/ALUDataB[20]"/>
        <net name="cpu/ALUDataB[19]"/>
        <net name="cpu/ALUDataB[18]"/>
        <net name="cpu/ALUDataB[17]"/>
        <net name="cpu/ALUDataB[16]"/>
        <net name="cpu/ALUDataB[15]"/>
        <net name="cpu/ALUDataB[14]"/>
        <net name="cpu/ALUDataB[13]"/>
        <net name="cpu/ALUDataB[12]"/>
        <net name="cpu/ALUDataB[11]"/>
        <net name="cpu/ALUDataB[10]"/>
        <net name="cpu/ALUDataB[9]"/>
        <net name="cpu/ALUDataB[8]"/>
        <net name="cpu/ALUDataB[7]"/>
        <net name="cpu/ALUDataB[6]"/>
        <net name="cpu/ALUDataB[5]"/>
        <net name="cpu/ALUDataB[4]"/>
        <net name="cpu/ALUDataB[3]"/>
        <net name="cpu/ALUDataB[2]"/>
        <net name="cpu/ALUDataB[1]"/>
        <net name="cpu/ALUDataB[0]"/>
      </nets>
    </probe>
    <probe type="ila" busType="net" source="netlist" spec="ILA_V2_RT">
      <probeOptions Id="DebugProbeParams">
        <Option Id="CAPTURE_COMPARE_VALUE" value="eq32&apos;hXXXX_XXXX"/>
        <Option Id="COMPARE_VALUE.0" value="eq32&apos;hXXXX_XXXX"/>
        <Option Id="DISPLAY_AS_ENUM" value="1"/>
        <Option Id="DISPLAY_HINT" value=""/>
        <Option Id="DISPLAY_RADIX" value="HEX"/>
        <Option Id="DISPLAY_VISIBILITY" value=""/>
        <Option Id="HW_ILA" value="hw_ila_1"/>
        <Option Id="LINK_TO_WAVEFORM" value="1"/>
        <Option Id="MAP" value="probe3[31:0]"/>
        <Option Id="NAME.CUSTOM" value=""/>
        <Option Id="NAME.SELECT" value="Long"/>
        <Option Id="SOURCE" value="netlist"/>
        <Option Id="TRIGGER_COMPARE_VALUE" value="eq32&apos;hXXXX_XXXX"/>
        <Option Id="WAVEFORM_STYLE" value="Digital"/>
      </probeOptions>
      <nets>
        <net name="cpu/ALUOut[31]"/>
        <net name="cpu/ALUOut[30]"/>
        <net name="cpu/ALUOut[29]"/>
        <net name="cpu/ALUOut[28]"/>
        <net name="cpu/ALUOut[27]"/>
        <net name="cpu/ALUOut[26]"/>
        <net name="cpu/ALUOut[25]"/>
        <net name="cpu/ALUOut[24]"/>
        <net name="cpu/ALUOut[23]"/>
        <net name="cpu/ALUOut[22]"/>
        <net name="cpu/ALUOut[21]"/>
        <net name="cpu/ALUOut[20]"/>
        <net name="cpu/ALUOut[19]"/>
        <net name="cpu/ALUOut[18]"/>
        <net name="cpu/ALUOut[17]"/>
        <net name="cpu/ALUOut[16]"/>
        <net name="cpu/ALUOut[15]"/>
        <net name="cpu/ALUOut[14]"/>
        <net name="cpu/ALUOut[13]"/>
        <net name="cpu/ALUOut[12]"/>
        <net name="cpu/ALUOut[11]"/>
        <net name="cpu/ALUOut[10]"/>
        <net name="cpu/ALUOut[9]"/>
        <net name="cpu/ALUOut[8]"/>
        <net name="cpu/ALUOut[7]"/>
        <net name="cpu/ALUOut[6]"/>
        <net name="cpu/ALUOut[5]"/>
        <net name="cpu/ALUOut[4]"/>
        <net name="cpu/ALUOut[3]"/>
        <net name="cpu/ALUOut[2]"/>
        <net name="cpu/ALUOut[1]"/>
        <net name="cpu/ALUOut[0]"/>
      </nets>
    </probe>
    <probe type="ila" busType="net" source="netlist" spec="ILA_V2_RT">
      <probeOptions Id="DebugProbeParams">
        <Option Id="CAPTURE_COMPARE_VALUE" value="eq9&apos;hXXX"/>
        <Option Id="COMPARE_VALUE.0" value="eq9&apos;hXXX"/>
        <Option Id="DISPLAY_AS_ENUM" value="1"/>
        <Option Id="DISPLAY_HINT" value=""/>
        <Option Id="DISPLAY_RADIX" value="HEX"/>
        <Option Id="DISPLAY_VISIBILITY" value=""/>
        <Option Id="HW_ILA" value="hw_ila_1"/>
        <Option Id="LINK_TO_WAVEFORM" value="1"/>
        <Option Id="MAP" value="probe1[8:0]"/>
        <Option Id="NAME.CUSTOM" value=""/>
        <Option Id="NAME.SELECT" value="Long"/>
        <Option Id="SOURCE" value="netlist"/>
        <Option Id="TRIGGER_COMPARE_VALUE" value="eq9&apos;hXXX"/>
        <Option Id="WAVEFORM_STYLE" value="Digital"/>
      </probeOptions>
      <nets>
        <net name="cpu/ALUout[8]"/>
        <net name="cpu/ALUout[7]"/>
        <net name="cpu/ALUout[6]"/>
        <net name="cpu/ALUout[5]"/>
        <net name="cpu/ALUout[4]"/>
        <net name="cpu/ALUout[3]"/>
        <net name="cpu/ALUout[2]"/>
        <net name="cpu/ALUout[1]"/>
        <net name="cpu/ALUout[0]"/>
      </nets>
    </probe>
    <probe type="ila" busType="net" source="netlist" spec="ILA_V2_RT">
      <probeOptions Id="DebugProbeParams">
        <Option Id="CAPTURE_COMPARE_VALUE" value="eq7&apos;hXX"/>
        <Option Id="COMPARE_VALUE.0" value="eq7&apos;hXX"/>
        <Option Id="DISPLAY_AS_ENUM" value="1"/>
        <Option Id="DISPLAY_HINT" value=""/>
        <Option Id="DISPLAY_RADIX" value="HEX"/>
        <Option Id="DISPLAY_VISIBILITY" value=""/>
        <Option Id="HW_ILA" value="hw_ila_1"/>
        <Option Id="LINK_TO_WAVEFORM" value="1"/>
        <Option Id="MAP" value="probe2[6:0]"/>
        <Option Id="NAME.CUSTOM" value=""/>
        <Option Id="NAME.SELECT" value="Long"/>
        <Option Id="SOURCE" value="netlist"/>
        <Option Id="TRIGGER_COMPARE_VALUE" value="eq7&apos;hXX"/>
        <Option Id="WAVEFORM_STYLE" value="Digital"/>
      </probeOptions>
      <nets>
        <net name="cpu/Ins1[7]"/>
        <net name="cpu/Ins1[6]"/>
        <net name="cpu/Ins1[5]"/>
        <net name="cpu/Ins1[4]"/>
        <net name="cpu/Ins1[3]"/>
        <net name="cpu/Ins1[2]"/>
        <net name="cpu/Ins1[1]"/>
      </nets>
    </probe>
    <probe type="ila" busType="net" source="netlist" spec="ILA_V2_RT">
      <probeOptions Id="DebugProbeParams">
        <Option Id="CAPTURE_COMPARE_VALUE" value="eq32&apos;hXXXX_XXXX"/>
        <Option Id="COMPARE_VALUE.0" value="eq32&apos;hXXXX_XXXX"/>
        <Option Id="DISPLAY_AS_ENUM" value="1"/>
        <Option Id="DISPLAY_HINT" value=""/>
        <Option Id="DISPLAY_RADIX" value="HEX"/>
        <Option Id="DISPLAY_VISIBILITY" value=""/>
        <Option Id="HW_ILA" value="hw_ila_1"/>
        <Option Id="LINK_TO_WAVEFORM" value="1"/>
        <Option Id="MAP" value="probe2[31:0]"/>
        <Option Id="NAME.CUSTOM" value=""/>
        <Option Id="NAME.SELECT" value="Long"/>
        <Option Id="SOURCE" value="netlist"/>
        <Option Id="TRIGGER_COMPARE_VALUE" value="eq32&apos;hXXXX_XXXX"/>
        <Option Id="WAVEFORM_STYLE" value="Digital"/>
      </probeOptions>
      <nets>
        <net name="cpu/PC4Out[31]"/>
        <net name="cpu/PC4Out[30]"/>
        <net name="cpu/PC4Out[29]"/>
        <net name="cpu/PC4Out[28]"/>
        <net name="cpu/PC4Out[27]"/>
        <net name="cpu/PC4Out[26]"/>
        <net name="cpu/PC4Out[25]"/>
        <net name="cpu/PC4Out[24]"/>
        <net name="cpu/PC4Out[23]"/>
        <net name="cpu/PC4Out[22]"/>
        <net name="cpu/PC4Out[21]"/>
        <net name="cpu/PC4Out[20]"/>
        <net name="cpu/PC4Out[19]"/>
        <net name="cpu/PC4Out[18]"/>
        <net name="cpu/PC4Out[17]"/>
        <net name="cpu/PC4Out[16]"/>
        <net name="cpu/PC4Out[15]"/>
        <net name="cpu/PC4Out[14]"/>
        <net name="cpu/PC4Out[13]"/>
        <net name="cpu/PC4Out[12]"/>
        <net name="cpu/PC4Out[11]"/>
        <net name="cpu/PC4Out[10]"/>
        <net name="cpu/PC4Out[9]"/>
        <net name="cpu/PC4Out[8]"/>
        <net name="cpu/PC4Out[7]"/>
        <net name="cpu/PC4Out[6]"/>
        <net name="cpu/PC4Out[5]"/>
        <net name="cpu/PC4Out[4]"/>
        <net name="cpu/PC4Out[3]"/>
        <net name="cpu/PC4Out[2]"/>
        <net name="cpu/PC4Out[1]"/>
        <net name="cpu/PC4Out[0]"/>
      </nets>
    </probe>
    <probe type="ila" busType="net" source="netlist" spec="ILA_V2_RT">
      <probeOptions Id="DebugProbeParams">
        <Option Id="CAPTURE_COMPARE_VALUE" value="eq32&apos;hXXXX_XXXX"/>
        <Option Id="COMPARE_VALUE.0" value="eq32&apos;hXXXX_XXXX"/>
        <Option Id="DISPLAY_AS_ENUM" value="1"/>
        <Option Id="DISPLAY_HINT" value=""/>
        <Option Id="DISPLAY_RADIX" value="HEX"/>
        <Option Id="DISPLAY_VISIBILITY" value=""/>
        <Option Id="HW_ILA" value="hw_ila_1"/>
        <Option Id="LINK_TO_WAVEFORM" value="1"/>
        <Option Id="MAP" value="probe1[31:0]"/>
        <Option Id="NAME.CUSTOM" value=""/>
        <Option Id="NAME.SELECT" value="Long"/>
        <Option Id="SOURCE" value="netlist"/>
        <Option Id="TRIGGER_COMPARE_VALUE" value="eq32&apos;hXXXX_XXXX"/>
        <Option Id="WAVEFORM_STYLE" value="Digital"/>
      </probeOptions>
      <nets>
        <net name="cpu/PC4[31]"/>
        <net name="cpu/PC4[30]"/>
        <net name="cpu/PC4[29]"/>
        <net name="cpu/PC4[28]"/>
        <net name="cpu/PC4[27]"/>
        <net name="cpu/PC4[26]"/>
        <net name="cpu/PC4[25]"/>
        <net name="cpu/PC4[24]"/>
        <net name="cpu/PC4[23]"/>
        <net name="cpu/PC4[22]"/>
        <net name="cpu/PC4[21]"/>
        <net name="cpu/PC4[20]"/>
        <net name="cpu/PC4[19]"/>
        <net name="cpu/PC4[18]"/>
        <net name="cpu/PC4[17]"/>
        <net name="cpu/PC4[16]"/>
        <net name="cpu/PC4[15]"/>
        <net name="cpu/PC4[14]"/>
        <net name="cpu/PC4[13]"/>
        <net name="cpu/PC4[12]"/>
        <net name="cpu/PC4[11]"/>
        <net name="cpu/PC4[10]"/>
        <net name="cpu/PC4[9]"/>
        <net name="cpu/PC4[8]"/>
        <net name="cpu/PC4[7]"/>
        <net name="cpu/PC4[6]"/>
        <net name="cpu/PC4[5]"/>
        <net name="cpu/PC4[4]"/>
        <net name="cpu/PC4[3]"/>
        <net name="cpu/PC4[2]"/>
        <net name="cpu/PC4[1]"/>
        <net name="cpu/PC4[0]"/>
      </nets>
    </probe>
    <probe type="ila" busType="net" source="netlist" spec="ILA_V2_RT">
      <probeOptions Id="DebugProbeParams">
        <Option Id="CAPTURE_COMPARE_VALUE" value="eq32&apos;hXXXX_XXXX"/>
        <Option Id="COMPARE_VALUE.0" value="eq32&apos;hXXXX_XXXX"/>
        <Option Id="DISPLAY_AS_ENUM" value="1"/>
        <Option Id="DISPLAY_HINT" value=""/>
        <Option Id="DISPLAY_RADIX" value="HEX"/>
        <Option Id="DISPLAY_VISIBILITY" value=""/>
        <Option Id="HW_ILA" value="hw_ila_1"/>
        <Option Id="LINK_TO_WAVEFORM" value="1"/>
        <Option Id="MAP" value="probe0[31:0]"/>
        <Option Id="NAME.CUSTOM" value=""/>
        <Option Id="NAME.SELECT" value="Long"/>
        <Option Id="SOURCE" value="netlist"/>
        <Option Id="TRIGGER_COMPARE_VALUE" value="eq32&apos;hXXXX_XXXX"/>
        <Option Id="WAVEFORM_STYLE" value="Digital"/>
      </probeOptions>
      <nets>
        <net name="cpu/PCNowOut[31]"/>
        <net name="cpu/PCNowOut[30]"/>
        <net name="cpu/PCNowOut[29]"/>
        <net name="cpu/PCNowOut[28]"/>
        <net name="cpu/PCNowOut[27]"/>
        <net name="cpu/PCNowOut[26]"/>
        <net name="cpu/PCNowOut[25]"/>
        <net name="cpu/PCNowOut[24]"/>
        <net name="cpu/PCNowOut[23]"/>
        <net name="cpu/PCNowOut[22]"/>
        <net name="cpu/PCNowOut[21]"/>
        <net name="cpu/PCNowOut[20]"/>
        <net name="cpu/PCNowOut[19]"/>
        <net name="cpu/PCNowOut[18]"/>
        <net name="cpu/PCNowOut[17]"/>
        <net name="cpu/PCNowOut[16]"/>
        <net name="cpu/PCNowOut[15]"/>
        <net name="cpu/PCNowOut[14]"/>
        <net name="cpu/PCNowOut[13]"/>
        <net name="cpu/PCNowOut[12]"/>
        <net name="cpu/PCNowOut[11]"/>
        <net name="cpu/PCNowOut[10]"/>
        <net name="cpu/PCNowOut[9]"/>
        <net name="cpu/PCNowOut[8]"/>
        <net name="cpu/PCNowOut[7]"/>
        <net name="cpu/PCNowOut[6]"/>
        <net name="cpu/PCNowOut[5]"/>
        <net name="cpu/PCNowOut[4]"/>
        <net name="cpu/PCNowOut[3]"/>
        <net name="cpu/PCNowOut[2]"/>
        <net name="cpu/PCNowOut[1]"/>
        <net name="cpu/PCNowOut[0]"/>
      </nets>
    </probe>
    <probe type="ila" busType="net" source="netlist" spec="ILA_V2_RT">
      <probeOptions Id="DebugProbeParams">
        <Option Id="CAPTURE_COMPARE_VALUE" value="eq7&apos;hXX"/>
        <Option Id="COMPARE_VALUE.0" value="eq7&apos;hXX"/>
        <Option Id="DISPLAY_AS_ENUM" value="1"/>
        <Option Id="DISPLAY_HINT" value=""/>
        <Option Id="DISPLAY_RADIX" value="HEX"/>
        <Option Id="DISPLAY_VISIBILITY" value=""/>
        <Option Id="HW_ILA" value="hw_ila_1"/>
        <Option Id="LINK_TO_WAVEFORM" value="1"/>
        <Option Id="MAP" value="probe0[6:0]"/>
        <Option Id="NAME.CUSTOM" value=""/>
        <Option Id="NAME.SELECT" value="Long"/>
        <Option Id="SOURCE" value="netlist"/>
        <Option Id="TRIGGER_COMPARE_VALUE" value="eq7&apos;hXX"/>
        <Option Id="WAVEFORM_STYLE" value="Digital"/>
      </probeOptions>
      <nets>
        <net name="cpu/PCNowOut[7]"/>
        <net name="cpu/PCNowOut[6]"/>
        <net name="cpu/PCNowOut[5]"/>
        <net name="cpu/PCNowOut[4]"/>
        <net name="cpu/PCNowOut[3]"/>
        <net name="cpu/PCNowOut[2]"/>
        <net name="cpu/PCNowOut[1]"/>
      </nets>
    </probe>
    <probe type="ila" busType="net" source="netlist" spec="ILA_V2_RT">
      <probeOptions Id="DebugProbeParams">
        <Option Id="CAPTURE_COMPARE_VALUE" value="eq1&apos;bX"/>
        <Option Id="COMPARE_VALUE.0" value="eq1&apos;bX"/>
        <Option Id="DISPLAY_AS_ENUM" value="1"/>
        <Option Id="DISPLAY_HINT" value=""/>
        <Option Id="DISPLAY_RADIX" value="HEX"/>
        <Option Id="DISPLAY_VISIBILITY" value=""/>
        <Option Id="HW_ILA" value="u_ila_1"/>
        <Option Id="LINK_TO_WAVEFORM" value="1"/>
        <Option Id="MAP" value=""/>
        <Option Id="NAME.CUSTOM" value=""/>
        <Option Id="NAME.SELECT" value="Long"/>
        <Option Id="SOURCE" value="netlist"/>
        <Option Id="TRIGGER_COMPARE_VALUE" value="eq1&apos;bX"/>
        <Option Id="WAVEFORM_STYLE" value="Digital"/>
      </probeOptions>
      <nets>
        <net name="cpu/PCWre"/>
      </nets>
    </probe>
    <probe type="ila" busType="net" source="netlist" spec="ILA_V2_RT">
      <probeOptions Id="DebugProbeParams">
        <Option Id="CAPTURE_COMPARE_VALUE" value="eq32&apos;hXXXX_XXXX"/>
        <Option Id="COMPARE_VALUE.0" value="eq32&apos;hXXXX_XXXX"/>
        <Option Id="DISPLAY_AS_ENUM" value="1"/>
        <Option Id="DISPLAY_HINT" value=""/>
        <Option Id="DISPLAY_RADIX" value="HEX"/>
        <Option Id="DISPLAY_VISIBILITY" value=""/>
        <Option Id="HW_ILA" value="hw_ila_1"/>
        <Option Id="LINK_TO_WAVEFORM" value="1"/>
        <Option Id="MAP" value="probe5[31:0]"/>
        <Option Id="NAME.CUSTOM" value=""/>
        <Option Id="NAME.SELECT" value="Long"/>
        <Option Id="SOURCE" value="netlist"/>
        <Option Id="TRIGGER_COMPARE_VALUE" value="eq32&apos;hXXXX_XXXX"/>
        <Option Id="WAVEFORM_STYLE" value="Digital"/>
      </probeOptions>
      <nets>
        <net name="cpu/ReadData1[31]"/>
        <net name="cpu/ReadData1[30]"/>
        <net name="cpu/ReadData1[29]"/>
        <net name="cpu/ReadData1[28]"/>
        <net name="cpu/ReadData1[27]"/>
        <net name="cpu/ReadData1[26]"/>
        <net name="cpu/ReadData1[25]"/>
        <net name="cpu/ReadData1[24]"/>
        <net name="cpu/ReadData1[23]"/>
        <net name="cpu/ReadData1[22]"/>
        <net name="cpu/ReadData1[21]"/>
        <net name="cpu/ReadData1[20]"/>
        <net name="cpu/ReadData1[19]"/>
        <net name="cpu/ReadData1[18]"/>
        <net name="cpu/ReadData1[17]"/>
        <net name="cpu/ReadData1[16]"/>
        <net name="cpu/ReadData1[15]"/>
        <net name="cpu/ReadData1[14]"/>
        <net name="cpu/ReadData1[13]"/>
        <net name="cpu/ReadData1[12]"/>
        <net name="cpu/ReadData1[11]"/>
        <net name="cpu/ReadData1[10]"/>
        <net name="cpu/ReadData1[9]"/>
        <net name="cpu/ReadData1[8]"/>
        <net name="cpu/ReadData1[7]"/>
        <net name="cpu/ReadData1[6]"/>
        <net name="cpu/ReadData1[5]"/>
        <net name="cpu/ReadData1[4]"/>
        <net name="cpu/ReadData1[3]"/>
        <net name="cpu/ReadData1[2]"/>
        <net name="cpu/ReadData1[1]"/>
        <net name="cpu/ReadData1[0]"/>
      </nets>
    </probe>
    <probe type="ila" busType="net" source="netlist" spec="ILA_V2_RT">
      <probeOptions Id="DebugProbeParams">
        <Option Id="CAPTURE_COMPARE_VALUE" value="eq32&apos;hXXXX_XXXX"/>
        <Option Id="COMPARE_VALUE.0" value="eq32&apos;hXXXX_XXXX"/>
        <Option Id="DISPLAY_AS_ENUM" value="1"/>
        <Option Id="DISPLAY_HINT" value=""/>
        <Option Id="DISPLAY_RADIX" value="HEX"/>
        <Option Id="DISPLAY_VISIBILITY" value=""/>
        <Option Id="HW_ILA" value="hw_ila_1"/>
        <Option Id="LINK_TO_WAVEFORM" value="1"/>
        <Option Id="MAP" value="probe6[31:0]"/>
        <Option Id="NAME.CUSTOM" value=""/>
        <Option Id="NAME.SELECT" value="Long"/>
        <Option Id="SOURCE" value="netlist"/>
        <Option Id="TRIGGER_COMPARE_VALUE" value="eq32&apos;hXXXX_XXXX"/>
        <Option Id="WAVEFORM_STYLE" value="Digital"/>
      </probeOptions>
      <nets>
        <net name="cpu/ReadData2[31]"/>
        <net name="cpu/ReadData2[30]"/>
        <net name="cpu/ReadData2[29]"/>
        <net name="cpu/ReadData2[28]"/>
        <net name="cpu/ReadData2[27]"/>
        <net name="cpu/ReadData2[26]"/>
        <net name="cpu/ReadData2[25]"/>
        <net name="cpu/ReadData2[24]"/>
        <net name="cpu/ReadData2[23]"/>
        <net name="cpu/ReadData2[22]"/>
        <net name="cpu/ReadData2[21]"/>
        <net name="cpu/ReadData2[20]"/>
        <net name="cpu/ReadData2[19]"/>
        <net name="cpu/ReadData2[18]"/>
        <net name="cpu/ReadData2[17]"/>
        <net name="cpu/ReadData2[16]"/>
        <net name="cpu/ReadData2[15]"/>
        <net name="cpu/ReadData2[14]"/>
        <net name="cpu/ReadData2[13]"/>
        <net name="cpu/ReadData2[12]"/>
        <net name="cpu/ReadData2[11]"/>
        <net name="cpu/ReadData2[10]"/>
        <net name="cpu/ReadData2[9]"/>
        <net name="cpu/ReadData2[8]"/>
        <net name="cpu/ReadData2[7]"/>
        <net name="cpu/ReadData2[6]"/>
        <net name="cpu/ReadData2[5]"/>
        <net name="cpu/ReadData2[4]"/>
        <net name="cpu/ReadData2[3]"/>
        <net name="cpu/ReadData2[2]"/>
        <net name="cpu/ReadData2[1]"/>
        <net name="cpu/ReadData2[0]"/>
      </nets>
    </probe>
    <probe type="ila" busType="net" source="netlist" spec="ILA_V2_RT">
      <probeOptions Id="DebugProbeParams">
        <Option Id="CAPTURE_COMPARE_VALUE" value="eq5&apos;hXX"/>
        <Option Id="COMPARE_VALUE.0" value="eq5&apos;hXX"/>
        <Option Id="DISPLAY_AS_ENUM" value="1"/>
        <Option Id="DISPLAY_HINT" value=""/>
        <Option Id="DISPLAY_RADIX" value="HEX"/>
        <Option Id="DISPLAY_VISIBILITY" value=""/>
        <Option Id="HW_ILA" value="hw_ila_1"/>
        <Option Id="LINK_TO_WAVEFORM" value="1"/>
        <Option Id="MAP" value="probe4[4:0]"/>
        <Option Id="NAME.CUSTOM" value=""/>
        <Option Id="NAME.SELECT" value="Long"/>
        <Option Id="SOURCE" value="netlist"/>
        <Option Id="TRIGGER_COMPARE_VALUE" value="eq5&apos;hXX"/>
        <Option Id="WAVEFORM_STYLE" value="Digital"/>
      </probeOptions>
      <nets>
        <net name="cpu/RsAddr[4]"/>
        <net name="cpu/RsAddr[3]"/>
        <net name="cpu/RsAddr[2]"/>
        <net name="cpu/RsAddr[1]"/>
        <net name="cpu/RsAddr[0]"/>
      </nets>
    </probe>
    <probe type="ila" busType="net" source="netlist" spec="ILA_V2_RT">
      <probeOptions Id="DebugProbeParams">
        <Option Id="CAPTURE_COMPARE_VALUE" value="eq5&apos;hXX"/>
        <Option Id="COMPARE_VALUE.0" value="eq5&apos;hXX"/>
        <Option Id="DISPLAY_AS_ENUM" value="1"/>
        <Option Id="DISPLAY_HINT" value=""/>
        <Option Id="DISPLAY_RADIX" value="HEX"/>
        <Option Id="DISPLAY_VISIBILITY" value=""/>
        <Option Id="HW_ILA" value="hw_ila_1"/>
        <Option Id="LINK_TO_WAVEFORM" value="1"/>
        <Option Id="MAP" value="probe7[4:0]"/>
        <Option Id="NAME.CUSTOM" value=""/>
        <Option Id="NAME.SELECT" value="Long"/>
        <Option Id="SOURCE" value="netlist"/>
        <Option Id="TRIGGER_COMPARE_VALUE" value="eq5&apos;hXX"/>
        <Option Id="WAVEFORM_STYLE" value="Digital"/>
      </probeOptions>
      <nets>
        <net name="cpu/RtAddr[4]"/>
        <net name="cpu/RtAddr[3]"/>
        <net name="cpu/RtAddr[2]"/>
        <net name="cpu/RtAddr[1]"/>
        <net name="cpu/RtAddr[0]"/>
      </nets>
    </probe>
    <probe type="ila" busType="net" source="netlist" spec="ILA_V2_RT">
      <probeOptions Id="DebugProbeParams">
        <Option Id="CAPTURE_COMPARE_VALUE" value="eq32&apos;hXXXX_XXXX"/>
        <Option Id="COMPARE_VALUE.0" value="eq32&apos;hXXXX_XXXX"/>
        <Option Id="DISPLAY_AS_ENUM" value="1"/>
        <Option Id="DISPLAY_HINT" value=""/>
        <Option Id="DISPLAY_RADIX" value="HEX"/>
        <Option Id="DISPLAY_VISIBILITY" value=""/>
        <Option Id="HW_ILA" value="hw_ila_1"/>
        <Option Id="LINK_TO_WAVEFORM" value="1"/>
        <Option Id="MAP" value="probe9[31:0]"/>
        <Option Id="NAME.CUSTOM" value=""/>
        <Option Id="NAME.SELECT" value="Long"/>
        <Option Id="SOURCE" value="netlist"/>
        <Option Id="TRIGGER_COMPARE_VALUE" value="eq32&apos;hXXXX_XXXX"/>
        <Option Id="WAVEFORM_STYLE" value="Digital"/>
      </probeOptions>
      <nets>
        <net name="cpu/WriteReg[31]"/>
        <net name="cpu/WriteReg[30]"/>
        <net name="cpu/WriteReg[29]"/>
        <net name="cpu/WriteReg[28]"/>
        <net name="cpu/WriteReg[27]"/>
        <net name="cpu/WriteReg[26]"/>
        <net name="cpu/WriteReg[25]"/>
        <net name="cpu/WriteReg[24]"/>
        <net name="cpu/WriteReg[23]"/>
        <net name="cpu/WriteReg[22]"/>
        <net name="cpu/WriteReg[21]"/>
        <net name="cpu/WriteReg[20]"/>
        <net name="cpu/WriteReg[19]"/>
        <net name="cpu/WriteReg[18]"/>
        <net name="cpu/WriteReg[17]"/>
        <net name="cpu/WriteReg[16]"/>
        <net name="cpu/WriteReg[15]"/>
        <net name="cpu/WriteReg[14]"/>
        <net name="cpu/WriteReg[13]"/>
        <net name="cpu/WriteReg[12]"/>
        <net name="cpu/WriteReg[11]"/>
        <net name="cpu/WriteReg[10]"/>
        <net name="cpu/WriteReg[9]"/>
        <net name="cpu/WriteReg[8]"/>
        <net name="cpu/WriteReg[7]"/>
        <net name="cpu/WriteReg[6]"/>
        <net name="cpu/WriteReg[5]"/>
        <net name="cpu/WriteReg[4]"/>
        <net name="cpu/WriteReg[3]"/>
        <net name="cpu/WriteReg[2]"/>
        <net name="cpu/WriteReg[1]"/>
        <net name="cpu/WriteReg[0]"/>
      </nets>
    </probe>
    <probe type="ila" busType="net" source="netlist" spec="ILA_V2_RT">
      <probeOptions Id="DebugProbeParams">
        <Option Id="CAPTURE_COMPARE_VALUE" value="eq32&apos;hXXXX_XXXX"/>
        <Option Id="COMPARE_VALUE.0" value="eq32&apos;hXXXX_XXXX"/>
        <Option Id="DISPLAY_AS_ENUM" value="1"/>
        <Option Id="DISPLAY_HINT" value=""/>
        <Option Id="DISPLAY_RADIX" value="HEX"/>
        <Option Id="DISPLAY_VISIBILITY" value=""/>
        <Option Id="HW_ILA" value="hw_ila_1"/>
        <Option Id="LINK_TO_WAVEFORM" value="1"/>
        <Option Id="MAP" value="probe8[31:0]"/>
        <Option Id="NAME.CUSTOM" value=""/>
        <Option Id="NAME.SELECT" value="Long"/>
        <Option Id="SOURCE" value="netlist"/>
        <Option Id="TRIGGER_COMPARE_VALUE" value="eq32&apos;hXXXX_XXXX"/>
        <Option Id="WAVEFORM_STYLE" value="Digital"/>
      </probeOptions>
      <nets>
        <net name="cpu/jumpOut[31]"/>
        <net name="cpu/jumpOut[30]"/>
        <net name="cpu/jumpOut[29]"/>
        <net name="cpu/jumpOut[28]"/>
        <net name="cpu/jumpOut[27]"/>
        <net name="cpu/jumpOut[26]"/>
        <net name="cpu/jumpOut[25]"/>
        <net name="cpu/jumpOut[24]"/>
        <net name="cpu/jumpOut[23]"/>
        <net name="cpu/jumpOut[22]"/>
        <net name="cpu/jumpOut[21]"/>
        <net name="cpu/jumpOut[20]"/>
        <net name="cpu/jumpOut[19]"/>
        <net name="cpu/jumpOut[18]"/>
        <net name="cpu/jumpOut[17]"/>
        <net name="cpu/jumpOut[16]"/>
        <net name="cpu/jumpOut[15]"/>
        <net name="cpu/jumpOut[14]"/>
        <net name="cpu/jumpOut[13]"/>
        <net name="cpu/jumpOut[12]"/>
        <net name="cpu/jumpOut[11]"/>
        <net name="cpu/jumpOut[10]"/>
        <net name="cpu/jumpOut[9]"/>
        <net name="cpu/jumpOut[8]"/>
        <net name="cpu/jumpOut[7]"/>
        <net name="cpu/jumpOut[6]"/>
        <net name="cpu/jumpOut[5]"/>
        <net name="cpu/jumpOut[4]"/>
        <net name="cpu/jumpOut[3]"/>
        <net name="cpu/jumpOut[2]"/>
        <net name="cpu/jumpOut[1]"/>
        <net name="cpu/jumpOut[0]"/>
      </nets>
    </probe>
    <probe type="ila" busType="net" source="netlist" spec="ILA_V2_RT">
      <probeOptions Id="DebugProbeParams">
        <Option Id="CAPTURE_COMPARE_VALUE" value="eq1&apos;bX"/>
        <Option Id="COMPARE_VALUE.0" value="eq1&apos;bX"/>
        <Option Id="DISPLAY_AS_ENUM" value="1"/>
        <Option Id="DISPLAY_HINT" value=""/>
        <Option Id="DISPLAY_RADIX" value="HEX"/>
        <Option Id="DISPLAY_VISIBILITY" value=""/>
        <Option Id="HW_ILA" value="u_ila_0"/>
        <Option Id="LINK_TO_WAVEFORM" value="1"/>
        <Option Id="MAP" value="probe3[0]"/>
        <Option Id="NAME.CUSTOM" value=""/>
        <Option Id="NAME.SELECT" value="Long"/>
        <Option Id="SOURCE" value="netlist"/>
        <Option Id="TRIGGER_COMPARE_VALUE" value="eq1&apos;bX"/>
        <Option Id="WAVEFORM_STYLE" value="Digital"/>
      </probeOptions>
      <nets>
        <net name="cpu/pc/IAddr[7]_i_1_n_0"/>
      </nets>
    </probe>
    <probe type="ila" busType="net" source="netlist" spec="ILA_V2_RT">
      <probeOptions Id="DebugProbeParams">
        <Option Id="CAPTURE_COMPARE_VALUE" value="eq1&apos;bX"/>
        <Option Id="COMPARE_VALUE.0" value="eq1&apos;bX"/>
        <Option Id="DISPLAY_AS_ENUM" value="1"/>
        <Option Id="DISPLAY_HINT" value=""/>
        <Option Id="DISPLAY_RADIX" value="HEX"/>
        <Option Id="DISPLAY_VISIBILITY" value=""/>
        <Option Id="HW_ILA" value="hw_ila_1"/>
        <Option Id="LINK_TO_WAVEFORM" value="1"/>
        <Option Id="MAP" value="probe4[0]"/>
        <Option Id="NAME.CUSTOM" value=""/>
        <Option Id="NAME.SELECT" value="Long"/>
        <Option Id="SOURCE" value="netlist"/>
        <Option Id="TRIGGER_COMPARE_VALUE" value="eq1&apos;bX"/>
        <Option Id="WAVEFORM_STYLE" value="Digital"/>
      </probeOptions>
      <nets>
        <net name="cpu/pc_n_2"/>
      </nets>
    </probe>
    <probe type="ila" busType="net" source="netlist" spec="ILA_V2_RT">
      <probeOptions Id="DebugProbeParams">
        <Option Id="CAPTURE_COMPARE_VALUE" value="eq1&apos;bX"/>
        <Option Id="COMPARE_VALUE.0" value="eq1&apos;bX"/>
        <Option Id="DISPLAY_AS_ENUM" value="1"/>
        <Option Id="DISPLAY_HINT" value=""/>
        <Option Id="DISPLAY_RADIX" value="HEX"/>
        <Option Id="DISPLAY_VISIBILITY" value=""/>
        <Option Id="HW_ILA" value="hw_ila_1"/>
        <Option Id="LINK_TO_WAVEFORM" value="1"/>
        <Option Id="MAP" value="probe13[0]"/>
        <Option Id="NAME.CUSTOM" value=""/>
        <Option Id="NAME.SELECT" value="Long"/>
        <Option Id="SOURCE" value="netlist"/>
        <Option Id="TRIGGER_COMPARE_VALUE" value="eq1&apos;bX"/>
        <Option Id="WAVEFORM_STYLE" value="Digital"/>
      </probeOptions>
      <nets>
        <net name="cpu/sign"/>
      </nets>
    </probe>
    <probe type="ila" busType="net" source="netlist" spec="ILA_V2_RT">
      <probeOptions Id="DebugProbeParams">
        <Option Id="CAPTURE_COMPARE_VALUE" value="eq7&apos;hXX"/>
        <Option Id="COMPARE_VALUE.0" value="eq7&apos;hXX"/>
        <Option Id="DISPLAY_AS_ENUM" value="1"/>
        <Option Id="DISPLAY_HINT" value=""/>
        <Option Id="DISPLAY_RADIX" value="HEX"/>
        <Option Id="DISPLAY_VISIBILITY" value=""/>
        <Option Id="HW_ILA" value="u_ila_1"/>
        <Option Id="LINK_TO_WAVEFORM" value="1"/>
        <Option Id="MAP" value="probe1[6:0]"/>
        <Option Id="NAME.CUSTOM" value=""/>
        <Option Id="NAME.SELECT" value="Long"/>
        <Option Id="SOURCE" value="netlist"/>
        <Option Id="TRIGGER_COMPARE_VALUE" value="eq7&apos;hXX"/>
        <Option Id="WAVEFORM_STYLE" value="Digital"/>
      </probeOptions>
      <nets>
        <net name="segOut_OBUF[6]"/>
        <net name="segOut_OBUF[5]"/>
        <net name="segOut_OBUF[4]"/>
        <net name="segOut_OBUF[3]"/>
        <net name="segOut_OBUF[2]"/>
        <net name="segOut_OBUF[1]"/>
        <net name="segOut_OBUF[0]"/>
      </nets>
    </probe>
    <probe type="ila" busType="net" source="netlist" spec="ILA_V2_RT">
      <probeOptions Id="DebugProbeParams">
        <Option Id="CAPTURE_COMPARE_VALUE" value="eq1&apos;bX"/>
        <Option Id="COMPARE_VALUE.0" value="neq1&apos;bX"/>
        <Option Id="DISPLAY_AS_ENUM" value="1"/>
        <Option Id="DISPLAY_HINT" value=""/>
        <Option Id="DISPLAY_RADIX" value="HEX"/>
        <Option Id="DISPLAY_VISIBILITY" value=""/>
        <Option Id="HW_ILA" value="u_ila_1"/>
        <Option Id="LINK_TO_WAVEFORM" value="1"/>
        <Option Id="MAP" value="probe3[0]"/>
        <Option Id="NAME.CUSTOM" value=""/>
        <Option Id="NAME.SELECT" value="Long"/>
        <Option Id="SOURCE" value="netlist"/>
        <Option Id="TRIGGER_COMPARE_VALUE" value="neq1&apos;bX"/>
        <Option Id="WAVEFORM_STYLE" value="Digital"/>
      </probeOptions>
      <nets>
        <net name="timeMux/Out[3]_i_1_n_0"/>
      </nets>
    </probe>
    <probe type="ila" busType="net" source="netlist" spec="ILA_V2_RT">
      <probeOptions Id="DebugProbeParams">
        <Option Id="CAPTURE_COMPARE_VALUE" value="eq1&apos;bX"/>
        <Option Id="COMPARE_VALUE.0" value="eq1&apos;bX"/>
        <Option Id="DISPLAY_AS_ENUM" value="1"/>
        <Option Id="DISPLAY_HINT" value=""/>
        <Option Id="DISPLAY_RADIX" value="HEX"/>
        <Option Id="DISPLAY_VISIBILITY" value=""/>
        <Option Id="HW_ILA" value="hw_ila_1"/>
        <Option Id="LINK_TO_WAVEFORM" value="1"/>
        <Option Id="MAP" value="probe5[0]"/>
        <Option Id="NAME.CUSTOM" value=""/>
        <Option Id="NAME.SELECT" value="Long"/>
        <Option Id="SOURCE" value="netlist"/>
        <Option Id="TRIGGER_COMPARE_VALUE" value="eq1&apos;bX"/>
        <Option Id="WAVEFORM_STYLE" value="Digital"/>
      </probeOptions>
      <nets>
        <net name="u_ila_0_PCWre"/>
      </nets>
    </probe>
    <probe type="ila" busType="net" source="netlist" spec="ILA_V2_RT">
      <probeOptions Id="DebugProbeParams">
        <Option Id="CAPTURE_COMPARE_VALUE" value="eq1&apos;bX"/>
        <Option Id="COMPARE_VALUE.0" value="eq1&apos;bX"/>
        <Option Id="DISPLAY_AS_ENUM" value="1"/>
        <Option Id="DISPLAY_HINT" value=""/>
        <Option Id="DISPLAY_RADIX" value="HEX"/>
        <Option Id="DISPLAY_VISIBILITY" value=""/>
        <Option Id="HW_ILA" value="u_ila_1"/>
        <Option Id="LINK_TO_WAVEFORM" value="1"/>
        <Option Id="MAP" value="probe0[0]"/>
        <Option Id="NAME.CUSTOM" value=""/>
        <Option Id="NAME.SELECT" value="Long"/>
        <Option Id="SOURCE" value="netlist"/>
        <Option Id="TRIGGER_COMPARE_VALUE" value="eq1&apos;bX"/>
        <Option Id="WAVEFORM_STYLE" value="Digital"/>
      </probeOptions>
      <nets>
        <net name="u_ila_1_DBOut[0]"/>
      </nets>
    </probe>
    <probe type="ila" busType="net" source="netlist" spec="ILA_V2_RT">
      <probeOptions Id="DebugProbeParams">
        <Option Id="CAPTURE_COMPARE_VALUE" value="eq1&apos;bX"/>
        <Option Id="COMPARE_VALUE.0" value="eq1&apos;bX"/>
        <Option Id="DISPLAY_AS_ENUM" value="1"/>
        <Option Id="DISPLAY_HINT" value=""/>
        <Option Id="DISPLAY_RADIX" value="HEX"/>
        <Option Id="DISPLAY_VISIBILITY" value=""/>
        <Option Id="HW_ILA" value="u_ila_1"/>
        <Option Id="LINK_TO_WAVEFORM" value="1"/>
        <Option Id="MAP" value="probe0[1]"/>
        <Option Id="NAME.CUSTOM" value=""/>
        <Option Id="NAME.SELECT" value="Long"/>
        <Option Id="SOURCE" value="netlist"/>
        <Option Id="TRIGGER_COMPARE_VALUE" value="eq1&apos;bX"/>
        <Option Id="WAVEFORM_STYLE" value="Digital"/>
      </probeOptions>
      <nets>
        <net name="u_ila_1_DBOut[4]"/>
      </nets>
    </probe>
  </probeset>
</hwsession>
