<?xml version="1.0" encoding="UTF-8" ?>
<webTalkData  fileName='usage_statistics_webtalk.xml'  majorVersion='1' minorVersion='0' timeStamp='Wed Nov 20 22:32:11 2019'>
<section name="__ROOT__" level="0" order="1" description="">
 <section name="software_version_and_target_device" level="1" order="1" description="">
  <keyValuePair key="beta" value="FALSE" description="" />
  <keyValuePair key="build_version" value="2700185" description="" />
  <keyValuePair key="date_generated" value="Wed Nov 20 22:32:11 2019" description="" />
  <keyValuePair key="os_platform" value="WIN64" description="" />
  <keyValuePair key="product_version" value="Vivado v2019.2 (64-bit)" description="" />
  <keyValuePair key="project_id" value="4682e309e1a541558b70be6b9d098c3c" description="" />
  <keyValuePair key="project_iteration" value="46" description="" />
  <keyValuePair key="random_id" value="069b924e950e54668b4f35bd7dd87cbb" description="" />
  <keyValuePair key="registration_id" value="069b924e950e54668b4f35bd7dd87cbb" description="" />
  <keyValuePair key="route_design" value="TRUE" description="" />
  <keyValuePair key="target_device" value="xc7a35t" description="" />
  <keyValuePair key="target_family" value="artix7" description="" />
  <keyValuePair key="target_package" value="cpg236" description="" />
  <keyValuePair key="target_speed" value="-1" description="" />
  <keyValuePair key="tool_flow" value="Vivado" description="" />
 </section>
 <section name="user_environment" level="1" order="2" description="">
  <keyValuePair key="cpu_name" value="Intel(R) Core(TM) i5-8300H CPU @ 2.30GHz" description="" />
  <keyValuePair key="cpu_speed" value="2304 MHz" description="" />
  <keyValuePair key="os_name" value="Windows Server 2016 or Windows 10" description="" />
  <keyValuePair key="os_release" value="major release  (build 9200)" description="" />
  <keyValuePair key="system_ram" value="17.000 GB" description="" />
  <keyValuePair key="total_processors" value="1" description="" />
 </section>
 <section name="ip_statistics" level="1" order="3" description="">
  <section name="labtools_ila_v6_00_a/1" level="2" order="1" description="">
   <keyValuePair key="all_probe_same_mu" value="true" description="" />
   <keyValuePair key="all_probe_same_mu_cnt" value="4" description="" />
   <keyValuePair key="c_adv_trigger" value="true" description="" />
   <keyValuePair key="c_data_depth" value="1024" description="" />
   <keyValuePair key="c_en_strg_qual" value="false" description="" />
   <keyValuePair key="c_input_pipe_stages" value="0" description="" />
   <keyValuePair key="c_num_of_probes" value="4" description="" />
   <keyValuePair key="c_probe0_type" value="0" description="" />
   <keyValuePair key="c_probe0_width" value="32" description="" />
   <keyValuePair key="c_probe1_type" value="0" description="" />
   <keyValuePair key="c_probe1_width" value="32" description="" />
   <keyValuePair key="c_probe2_type" value="0" description="" />
   <keyValuePair key="c_probe2_width" value="5" description="" />
   <keyValuePair key="c_probe3_type" value="0" description="" />
   <keyValuePair key="c_probe3_width" value="5" description="" />
   <keyValuePair key="c_trigin_en" value="0" description="" />
   <keyValuePair key="c_trigout_en" value="0" description="" />
   <keyValuePair key="component_name" value="u_ila_0" description="" />
   <keyValuePair key="core_container" value="NA" description="" />
   <keyValuePair key="iptotal" value="1" description="" />
  </section>
  <section name="labtools_xsdbm_v3_00_a/1" level="2" order="2" description="">
   <keyValuePair key="c_bscan_mode" value="false" description="" />
   <keyValuePair key="c_bscan_mode_with_core" value="false" description="" />
   <keyValuePair key="c_clk_input_freq_hz" value="300000000" description="" />
   <keyValuePair key="c_en_bscanid_vec" value="false" description="" />
   <keyValuePair key="c_enable_clk_divider" value="false" description="" />
   <keyValuePair key="c_num_bscan_master_ports" value="0" description="" />
   <keyValuePair key="c_two_prim_mode" value="false" description="" />
   <keyValuePair key="c_use_ext_bscan" value="false" description="" />
   <keyValuePair key="c_user_scan_chain" value="1" description="" />
   <keyValuePair key="c_xsdb_num_slaves" value="1" description="" />
   <keyValuePair key="component_name" value="dbg_hub_CV" description="" />
   <keyValuePair key="core_container" value="NA" description="" />
   <keyValuePair key="iptotal" value="1" description="" />
  </section>
 </section>
 <section name="power_opt_design" level="1" order="4" description="">
  <section name="command_line_options_spo" level="2" order="1" description="">
   <keyValuePair key="-cell_types" value="default::all" description="" />
   <keyValuePair key="-clocks" value="default::[not_specified]" description="" />
   <keyValuePair key="-exclude_cells" value="default::[not_specified]" description="" />
   <keyValuePair key="-include_cells" value="default::[not_specified]" description="" />
  </section>
  <section name="usage" level="2" order="2" description="">
   <keyValuePair key="bram_ports_augmented" value="3" description="" />
   <keyValuePair key="bram_ports_newly_gated" value="0" description="" />
   <keyValuePair key="bram_ports_total" value="6" description="" />
   <keyValuePair key="flow_state" value="default" description="" />
   <keyValuePair key="slice_registers_augmented" value="0" description="" />
   <keyValuePair key="slice_registers_newly_gated" value="0" description="" />
   <keyValuePair key="slice_registers_total" value="6275" description="" />
   <keyValuePair key="srls_augmented" value="0" description="" />
   <keyValuePair key="srls_newly_gated" value="0" description="" />
   <keyValuePair key="srls_total" value="1032" description="" />
  </section>
 </section>
 <section name="report_drc" level="1" order="5" description="">
  <section name="command_line_options" level="2" order="1" description="">
   <keyValuePair key="-append" value="default::[not_specified]" description="" />
   <keyValuePair key="-checks" value="default::[not_specified]" description="" />
   <keyValuePair key="-fail_on" value="default::[not_specified]" description="" />
   <keyValuePair key="-force" value="default::[not_specified]" description="" />
   <keyValuePair key="-format" value="default::[not_specified]" description="" />
   <keyValuePair key="-internal" value="default::[not_specified]" description="" />
   <keyValuePair key="-internal_only" value="default::[not_specified]" description="" />
   <keyValuePair key="-messages" value="default::[not_specified]" description="" />
   <keyValuePair key="-name" value="default::[not_specified]" description="" />
   <keyValuePair key="-no_waivers" value="default::[not_specified]" description="" />
   <keyValuePair key="-return_string" value="default::[not_specified]" description="" />
   <keyValuePair key="-ruledecks" value="default::[not_specified]" description="" />
   <keyValuePair key="-upgrade_cw" value="default::[not_specified]" description="" />
   <keyValuePair key="-waived" value="default::[not_specified]" description="" />
  </section>
  <section name="results" level="2" order="2" description="">
   <keyValuePair key="cfgbvs-1" value="1" description="" />
  </section>
 </section>
 <section name="report_utilization" level="1" order="6" description="">
  <section name="clocking" level="2" order="1" description="">
   <keyValuePair key="bufgctrl_available" value="32" description="" />
   <keyValuePair key="bufgctrl_fixed" value="0" description="" />
   <keyValuePair key="bufgctrl_used" value="5" description="" />
   <keyValuePair key="bufgctrl_util_percentage" value="15.63" description="" />
   <keyValuePair key="bufhce_available" value="72" description="" />
   <keyValuePair key="bufhce_fixed" value="0" description="" />
   <keyValuePair key="bufhce_used" value="0" description="" />
   <keyValuePair key="bufhce_util_percentage" value="0.00" description="" />
   <keyValuePair key="bufio_available" value="20" description="" />
   <keyValuePair key="bufio_fixed" value="0" description="" />
   <keyValuePair key="bufio_used" value="0" description="" />
   <keyValuePair key="bufio_util_percentage" value="0.00" description="" />
   <keyValuePair key="bufmrce_available" value="10" description="" />
   <keyValuePair key="bufmrce_fixed" value="0" description="" />
   <keyValuePair key="bufmrce_used" value="0" description="" />
   <keyValuePair key="bufmrce_util_percentage" value="0.00" description="" />
   <keyValuePair key="bufr_available" value="20" description="" />
   <keyValuePair key="bufr_fixed" value="0" description="" />
   <keyValuePair key="bufr_used" value="0" description="" />
   <keyValuePair key="bufr_util_percentage" value="0.00" description="" />
   <keyValuePair key="mmcme2_adv_available" value="5" description="" />
   <keyValuePair key="mmcme2_adv_fixed" value="0" description="" />
   <keyValuePair key="mmcme2_adv_used" value="0" description="" />
   <keyValuePair key="mmcme2_adv_util_percentage" value="0.00" description="" />
   <keyValuePair key="plle2_adv_available" value="5" description="" />
   <keyValuePair key="plle2_adv_fixed" value="0" description="" />
   <keyValuePair key="plle2_adv_used" value="0" description="" />
   <keyValuePair key="plle2_adv_util_percentage" value="0.00" description="" />
  </section>
  <section name="dsp" level="2" order="2" description="">
   <keyValuePair key="dsps_available" value="90" description="" />
   <keyValuePair key="dsps_fixed" value="0" description="" />
   <keyValuePair key="dsps_used" value="0" description="" />
   <keyValuePair key="dsps_util_percentage" value="0.00" description="" />
  </section>
  <section name="io_standard" level="2" order="3" description="">
   <keyValuePair key="blvds_25" value="0" description="" />
   <keyValuePair key="diff_hstl_i" value="0" description="" />
   <keyValuePair key="diff_hstl_i_18" value="0" description="" />
   <keyValuePair key="diff_hstl_ii" value="0" description="" />
   <keyValuePair key="diff_hstl_ii_18" value="0" description="" />
   <keyValuePair key="diff_hsul_12" value="0" description="" />
   <keyValuePair key="diff_mobile_ddr" value="0" description="" />
   <keyValuePair key="diff_sstl135" value="0" description="" />
   <keyValuePair key="diff_sstl135_r" value="0" description="" />
   <keyValuePair key="diff_sstl15" value="0" description="" />
   <keyValuePair key="diff_sstl15_r" value="0" description="" />
   <keyValuePair key="diff_sstl18_i" value="0" description="" />
   <keyValuePair key="diff_sstl18_ii" value="0" description="" />
   <keyValuePair key="hstl_i" value="0" description="" />
   <keyValuePair key="hstl_i_18" value="0" description="" />
   <keyValuePair key="hstl_ii" value="0" description="" />
   <keyValuePair key="hstl_ii_18" value="0" description="" />
   <keyValuePair key="hsul_12" value="0" description="" />
   <keyValuePair key="lvcmos12" value="0" description="" />
   <keyValuePair key="lvcmos15" value="0" description="" />
   <keyValuePair key="lvcmos18" value="0" description="" />
   <keyValuePair key="lvcmos25" value="0" description="" />
   <keyValuePair key="lvcmos33" value="1" description="" />
   <keyValuePair key="lvds_25" value="0" description="" />
   <keyValuePair key="lvttl" value="0" description="" />
   <keyValuePair key="mini_lvds_25" value="0" description="" />
   <keyValuePair key="mobile_ddr" value="0" description="" />
   <keyValuePair key="pci33_3" value="0" description="" />
   <keyValuePair key="ppds_25" value="0" description="" />
   <keyValuePair key="rsds_25" value="0" description="" />
   <keyValuePair key="sstl135" value="0" description="" />
   <keyValuePair key="sstl135_r" value="0" description="" />
   <keyValuePair key="sstl15" value="0" description="" />
   <keyValuePair key="sstl15_r" value="0" description="" />
   <keyValuePair key="sstl18_i" value="0" description="" />
   <keyValuePair key="sstl18_ii" value="0" description="" />
   <keyValuePair key="tmds_33" value="0" description="" />
  </section>
  <section name="memory" level="2" order="4" description="">
   <keyValuePair key="block_ram_tile_available" value="50" description="" />
   <keyValuePair key="block_ram_tile_fixed" value="0" description="" />
   <keyValuePair key="block_ram_tile_used" value="2.5" description="" />
   <keyValuePair key="block_ram_tile_util_percentage" value="5.00" description="" />
   <keyValuePair key="ramb18_available" value="100" description="" />
   <keyValuePair key="ramb18_fixed" value="0" description="" />
   <keyValuePair key="ramb18_used" value="1" description="" />
   <keyValuePair key="ramb18_util_percentage" value="1.00" description="" />
   <keyValuePair key="ramb18e1_only_used" value="1" description="" />
   <keyValuePair key="ramb36_fifo_available" value="50" description="" />
   <keyValuePair key="ramb36_fifo_fixed" value="0" description="" />
   <keyValuePair key="ramb36_fifo_used" value="2" description="" />
   <keyValuePair key="ramb36_fifo_util_percentage" value="4.00" description="" />
   <keyValuePair key="ramb36e1_only_used" value="2" description="" />
  </section>
  <section name="primitives" level="2" order="5" description="">
   <keyValuePair key="bscane2_functional_category" value="Others" description="" />
   <keyValuePair key="bscane2_used" value="1" description="" />
   <keyValuePair key="bufg_functional_category" value="Clock" description="" />
   <keyValuePair key="bufg_used" value="5" description="" />
   <keyValuePair key="carry4_functional_category" value="CarryLogic" description="" />
   <keyValuePair key="carry4_used" value="246" description="" />
   <keyValuePair key="fdce_functional_category" value="Flop &amp; Latch" description="" />
   <keyValuePair key="fdce_used" value="1163" description="" />
   <keyValuePair key="fdpe_functional_category" value="Flop &amp; Latch" description="" />
   <keyValuePair key="fdpe_used" value="40" description="" />
   <keyValuePair key="fdre_functional_category" value="Flop &amp; Latch" description="" />
   <keyValuePair key="fdre_used" value="5053" description="" />
   <keyValuePair key="fdse_functional_category" value="Flop &amp; Latch" description="" />
   <keyValuePair key="fdse_used" value="19" description="" />
   <keyValuePair key="ibuf_functional_category" value="IO" description="" />
   <keyValuePair key="ibuf_used" value="5" description="" />
   <keyValuePair key="ldce_functional_category" value="Flop &amp; Latch" description="" />
   <keyValuePair key="ldce_used" value="45" description="" />
   <keyValuePair key="lut1_functional_category" value="LUT" description="" />
   <keyValuePair key="lut1_used" value="108" description="" />
   <keyValuePair key="lut2_functional_category" value="LUT" description="" />
   <keyValuePair key="lut2_used" value="288" description="" />
   <keyValuePair key="lut3_functional_category" value="LUT" description="" />
   <keyValuePair key="lut3_used" value="447" description="" />
   <keyValuePair key="lut4_functional_category" value="LUT" description="" />
   <keyValuePair key="lut4_used" value="790" description="" />
   <keyValuePair key="lut5_functional_category" value="LUT" description="" />
   <keyValuePair key="lut5_used" value="669" description="" />
   <keyValuePair key="lut6_functional_category" value="LUT" description="" />
   <keyValuePair key="lut6_used" value="3115" description="" />
   <keyValuePair key="muxf7_functional_category" value="MuxFx" description="" />
   <keyValuePair key="muxf7_used" value="598" description="" />
   <keyValuePair key="muxf8_functional_category" value="MuxFx" description="" />
   <keyValuePair key="muxf8_used" value="177" description="" />
   <keyValuePair key="obuf_functional_category" value="IO" description="" />
   <keyValuePair key="obuf_used" value="12" description="" />
   <keyValuePair key="ramb18e1_functional_category" value="Block Memory" description="" />
   <keyValuePair key="ramb18e1_used" value="1" description="" />
   <keyValuePair key="ramb36e1_functional_category" value="Block Memory" description="" />
   <keyValuePair key="ramb36e1_used" value="2" description="" />
   <keyValuePair key="ramd32_functional_category" value="Distributed Memory" description="" />
   <keyValuePair key="ramd32_used" value="36" description="" />
   <keyValuePair key="ramd64e_functional_category" value="Distributed Memory" description="" />
   <keyValuePair key="ramd64e_used" value="128" description="" />
   <keyValuePair key="rams32_functional_category" value="Distributed Memory" description="" />
   <keyValuePair key="rams32_used" value="12" description="" />
   <keyValuePair key="srl16e_functional_category" value="Distributed Memory" description="" />
   <keyValuePair key="srl16e_used" value="522" description="" />
   <keyValuePair key="srlc16e_functional_category" value="Distributed Memory" description="" />
   <keyValuePair key="srlc16e_used" value="2" description="" />
   <keyValuePair key="srlc32e_functional_category" value="Distributed Memory" description="" />
   <keyValuePair key="srlc32e_used" value="508" description="" />
  </section>
  <section name="slice_logic" level="2" order="6" description="">
   <keyValuePair key="f7_muxes_available" value="16300" description="" />
   <keyValuePair key="f7_muxes_fixed" value="0" description="" />
   <keyValuePair key="f7_muxes_used" value="598" description="" />
   <keyValuePair key="f7_muxes_util_percentage" value="3.67" description="" />
   <keyValuePair key="f8_muxes_available" value="8150" description="" />
   <keyValuePair key="f8_muxes_fixed" value="0" description="" />
   <keyValuePair key="f8_muxes_used" value="177" description="" />
   <keyValuePair key="f8_muxes_util_percentage" value="2.17" description="" />
   <keyValuePair key="lut_as_distributed_ram_fixed" value="0" description="" />
   <keyValuePair key="lut_as_distributed_ram_fixed" value="0" description="" />
   <keyValuePair key="lut_as_distributed_ram_used" value="152" description="" />
   <keyValuePair key="lut_as_distributed_ram_used" value="152" description="" />
   <keyValuePair key="lut_as_logic_available" value="20800" description="" />
   <keyValuePair key="lut_as_logic_available" value="20800" description="" />
   <keyValuePair key="lut_as_logic_fixed" value="0" description="" />
   <keyValuePair key="lut_as_logic_fixed" value="0" description="" />
   <keyValuePair key="lut_as_logic_used" value="4899" description="" />
   <keyValuePair key="lut_as_logic_used" value="4899" description="" />
   <keyValuePair key="lut_as_logic_util_percentage" value="23.55" description="" />
   <keyValuePair key="lut_as_logic_util_percentage" value="23.55" description="" />
   <keyValuePair key="lut_as_memory_available" value="9600" description="" />
   <keyValuePair key="lut_as_memory_available" value="9600" description="" />
   <keyValuePair key="lut_as_memory_fixed" value="0" description="" />
   <keyValuePair key="lut_as_memory_fixed" value="0" description="" />
   <keyValuePair key="lut_as_memory_used" value="708" description="" />
   <keyValuePair key="lut_as_memory_used" value="708" description="" />
   <keyValuePair key="lut_as_memory_util_percentage" value="7.38" description="" />
   <keyValuePair key="lut_as_memory_util_percentage" value="7.38" description="" />
   <keyValuePair key="lut_as_shift_register_fixed" value="0" description="" />
   <keyValuePair key="lut_as_shift_register_fixed" value="0" description="" />
   <keyValuePair key="lut_as_shift_register_used" value="556" description="" />
   <keyValuePair key="lut_as_shift_register_used" value="556" description="" />
   <keyValuePair key="lut_in_front_of_the_register_is_unused_fixed" value="556" description="" />
   <keyValuePair key="lut_in_front_of_the_register_is_unused_used" value="2551" description="" />
   <keyValuePair key="lut_in_front_of_the_register_is_used_fixed" value="2551" description="" />
   <keyValuePair key="lut_in_front_of_the_register_is_used_used" value="1061" description="" />
   <keyValuePair key="register_as_flip_flop_available" value="41600" description="" />
   <keyValuePair key="register_as_flip_flop_fixed" value="0" description="" />
   <keyValuePair key="register_as_flip_flop_used" value="6275" description="" />
   <keyValuePair key="register_as_flip_flop_util_percentage" value="15.08" description="" />
   <keyValuePair key="register_as_latch_available" value="41600" description="" />
   <keyValuePair key="register_as_latch_fixed" value="0" description="" />
   <keyValuePair key="register_as_latch_used" value="45" description="" />
   <keyValuePair key="register_as_latch_util_percentage" value="0.11" description="" />
   <keyValuePair key="register_driven_from_outside_the_slice_fixed" value="1061" description="" />
   <keyValuePair key="register_driven_from_outside_the_slice_used" value="3612" description="" />
   <keyValuePair key="register_driven_from_within_the_slice_fixed" value="3612" description="" />
   <keyValuePair key="register_driven_from_within_the_slice_used" value="2708" description="" />
   <keyValuePair key="slice_available" value="8150" description="" />
   <keyValuePair key="slice_fixed" value="0" description="" />
   <keyValuePair key="slice_luts_available" value="20800" description="" />
   <keyValuePair key="slice_luts_fixed" value="0" description="" />
   <keyValuePair key="slice_luts_used" value="5607" description="" />
   <keyValuePair key="slice_luts_util_percentage" value="26.96" description="" />
   <keyValuePair key="slice_registers_available" value="41600" description="" />
   <keyValuePair key="slice_registers_available" value="41600" description="" />
   <keyValuePair key="slice_registers_fixed" value="0" description="" />
   <keyValuePair key="slice_registers_fixed" value="0" description="" />
   <keyValuePair key="slice_registers_used" value="6320" description="" />
   <keyValuePair key="slice_registers_used" value="6320" description="" />
   <keyValuePair key="slice_registers_util_percentage" value="15.19" description="" />
   <keyValuePair key="slice_registers_util_percentage" value="15.19" description="" />
   <keyValuePair key="slice_used" value="2589" description="" />
   <keyValuePair key="slice_util_percentage" value="31.77" description="" />
   <keyValuePair key="slicel_fixed" value="0" description="" />
   <keyValuePair key="slicel_used" value="1790" description="" />
   <keyValuePair key="slicem_fixed" value="0" description="" />
   <keyValuePair key="slicem_used" value="799" description="" />
   <keyValuePair key="unique_control_sets_available" value="8150" description="" />
   <keyValuePair key="unique_control_sets_fixed" value="8150" description="" />
   <keyValuePair key="unique_control_sets_used" value="339" description="" />
   <keyValuePair key="unique_control_sets_util_percentage" value="4.16" description="" />
   <keyValuePair key="using_o5_and_o6_fixed" value="4.16" description="" />
   <keyValuePair key="using_o5_and_o6_used" value="476" description="" />
   <keyValuePair key="using_o5_output_only_fixed" value="476" description="" />
   <keyValuePair key="using_o5_output_only_used" value="7" description="" />
   <keyValuePair key="using_o6_output_only_fixed" value="7" description="" />
   <keyValuePair key="using_o6_output_only_used" value="73" description="" />
  </section>
  <section name="specific_feature" level="2" order="7" description="">
   <keyValuePair key="bscane2_available" value="4" description="" />
   <keyValuePair key="bscane2_fixed" value="0" description="" />
   <keyValuePair key="bscane2_used" value="1" description="" />
   <keyValuePair key="bscane2_util_percentage" value="25.00" description="" />
   <keyValuePair key="capturee2_available" value="1" description="" />
   <keyValuePair key="capturee2_fixed" value="0" description="" />
   <keyValuePair key="capturee2_used" value="0" description="" />
   <keyValuePair key="capturee2_util_percentage" value="0.00" description="" />
   <keyValuePair key="dna_port_available" value="1" description="" />
   <keyValuePair key="dna_port_fixed" value="0" description="" />
   <keyValuePair key="dna_port_used" value="0" description="" />
   <keyValuePair key="dna_port_util_percentage" value="0.00" description="" />
   <keyValuePair key="efuse_usr_available" value="1" description="" />
   <keyValuePair key="efuse_usr_fixed" value="0" description="" />
   <keyValuePair key="efuse_usr_used" value="0" description="" />
   <keyValuePair key="efuse_usr_util_percentage" value="0.00" description="" />
   <keyValuePair key="frame_ecce2_available" value="1" description="" />
   <keyValuePair key="frame_ecce2_fixed" value="0" description="" />
   <keyValuePair key="frame_ecce2_used" value="0" description="" />
   <keyValuePair key="frame_ecce2_util_percentage" value="0.00" description="" />
   <keyValuePair key="icape2_available" value="2" description="" />
   <keyValuePair key="icape2_fixed" value="0" description="" />
   <keyValuePair key="icape2_used" value="0" description="" />
   <keyValuePair key="icape2_util_percentage" value="0.00" description="" />
   <keyValuePair key="pcie_2_1_available" value="1" description="" />
   <keyValuePair key="pcie_2_1_fixed" value="0" description="" />
   <keyValuePair key="pcie_2_1_used" value="0" description="" />
   <keyValuePair key="pcie_2_1_util_percentage" value="0.00" description="" />
   <keyValuePair key="startupe2_available" value="1" description="" />
   <keyValuePair key="startupe2_fixed" value="0" description="" />
   <keyValuePair key="startupe2_used" value="0" description="" />
   <keyValuePair key="startupe2_util_percentage" value="0.00" description="" />
   <keyValuePair key="xadc_available" value="1" description="" />
   <keyValuePair key="xadc_fixed" value="0" description="" />
   <keyValuePair key="xadc_used" value="0" description="" />
   <keyValuePair key="xadc_util_percentage" value="0.00" description="" />
  </section>
 </section>
 <section name="synthesis" level="1" order="7" description="">
  <section name="command_line_options" level="2" order="1" description="">
   <keyValuePair key="-assert" value="default::[not_specified]" description="" />
   <keyValuePair key="-bufg" value="default::12" description="" />
   <keyValuePair key="-cascade_dsp" value="default::auto" description="" />
   <keyValuePair key="-constrset" value="default::[not_specified]" description="" />
   <keyValuePair key="-control_set_opt_threshold" value="default::auto" description="" />
   <keyValuePair key="-directive" value="default::default" description="" />
   <keyValuePair key="-fanout_limit" value="default::10000" description="" />
   <keyValuePair key="-flatten_hierarchy" value="default::rebuilt" description="" />
   <keyValuePair key="-fsm_extraction" value="default::auto" description="" />
   <keyValuePair key="-gated_clock_conversion" value="default::off" description="" />
   <keyValuePair key="-generic" value="default::[not_specified]" description="" />
   <keyValuePair key="-include_dirs" value="default::[not_specified]" description="" />
   <keyValuePair key="-keep_equivalent_registers" value="default::[not_specified]" description="" />
   <keyValuePair key="-max_bram" value="default::-1" description="" />
   <keyValuePair key="-max_bram_cascade_height" value="default::-1" description="" />
   <keyValuePair key="-max_dsp" value="default::-1" description="" />
   <keyValuePair key="-max_uram" value="default::-1" description="" />
   <keyValuePair key="-max_uram_cascade_height" value="default::-1" description="" />
   <keyValuePair key="-mode" value="default::default" description="" />
   <keyValuePair key="-name" value="default::[not_specified]" description="" />
   <keyValuePair key="-no_lc" value="default::[not_specified]" description="" />
   <keyValuePair key="-no_srlextract" value="default::[not_specified]" description="" />
   <keyValuePair key="-no_timing_driven" value="default::[not_specified]" description="" />
   <keyValuePair key="-part" value="xc7a35tcpg236-1" description="" />
   <keyValuePair key="-resource_sharing" value="default::auto" description="" />
   <keyValuePair key="-retiming" value="default::[not_specified]" description="" />
   <keyValuePair key="-rtl" value="default::[not_specified]" description="" />
   <keyValuePair key="-rtl_skip_constraints" value="default::[not_specified]" description="" />
   <keyValuePair key="-rtl_skip_ip" value="default::[not_specified]" description="" />
   <keyValuePair key="-seu_protect" value="default::none" description="" />
   <keyValuePair key="-sfcu" value="default::[not_specified]" description="" />
   <keyValuePair key="-shreg_min_size" value="default::3" description="" />
   <keyValuePair key="-top" value="basys3" description="" />
   <keyValuePair key="-verilog_define" value="default::[not_specified]" description="" />
  </section>
  <section name="usage" level="2" order="2" description="">
   <keyValuePair key="elapsed" value="00:01:18s" description="" />
   <keyValuePair key="hls_ip" value="0" description="" />
   <keyValuePair key="memory_gain" value="775.059MB" description="" />
   <keyValuePair key="memory_peak" value="1105.668MB" description="" />
  </section>
 </section>
 <section name="unisim_transformation" level="1" order="8" description="">
  <section name="post_unisim_transformation" level="2" order="1" description="">
   <keyValuePair key="bscane2" value="1" description="" />
   <keyValuePair key="bufg" value="3" description="" />
   <keyValuePair key="carry4" value="57" description="" />
   <keyValuePair key="fdce" value="992" description="" />
   <keyValuePair key="fdpe" value="40" description="" />
   <keyValuePair key="fdre" value="612" description="" />
   <keyValuePair key="fdse" value="19" description="" />
   <keyValuePair key="gnd" value="11" description="" />
   <keyValuePair key="ibuf" value="5" description="" />
   <keyValuePair key="ldce" value="45" description="" />
   <keyValuePair key="lut1" value="99" description="" />
   <keyValuePair key="lut2" value="87" description="" />
   <keyValuePair key="lut3" value="85" description="" />
   <keyValuePair key="lut4" value="154" description="" />
   <keyValuePair key="lut5" value="348" description="" />
   <keyValuePair key="lut6" value="1565" description="" />
   <keyValuePair key="muxf7" value="478" description="" />
   <keyValuePair key="muxf8" value="159" description="" />
   <keyValuePair key="obuf" value="12" description="" />
   <keyValuePair key="ramb18e1" value="1" description="" />
   <keyValuePair key="ramb36e1" value="2" description="" />
   <keyValuePair key="ramd32" value="36" description="" />
   <keyValuePair key="ramd64e" value="128" description="" />
   <keyValuePair key="rams32" value="12" description="" />
   <keyValuePair key="srl16e" value="522" description="" />
   <keyValuePair key="srlc16e" value="2" description="" />
   <keyValuePair key="srlc32e" value="508" description="" />
   <keyValuePair key="vcc" value="7" description="" />
  </section>
  <section name="pre_unisim_transformation" level="2" order="2" description="">
   <keyValuePair key="bscane2" value="1" description="" />
   <keyValuePair key="bufg" value="3" description="" />
   <keyValuePair key="carry4" value="57" description="" />
   <keyValuePair key="cfglut5" value="440" description="" />
   <keyValuePair key="fdce" value="992" description="" />
   <keyValuePair key="fdpe" value="40" description="" />
   <keyValuePair key="fdre" value="612" description="" />
   <keyValuePair key="fdse" value="19" description="" />
   <keyValuePair key="gnd" value="11" description="" />
   <keyValuePair key="ibuf" value="5" description="" />
   <keyValuePair key="ldce" value="45" description="" />
   <keyValuePair key="lut1" value="99" description="" />
   <keyValuePair key="lut2" value="87" description="" />
   <keyValuePair key="lut3" value="85" description="" />
   <keyValuePair key="lut4" value="154" description="" />
   <keyValuePair key="lut5" value="348" description="" />
   <keyValuePair key="lut6" value="1565" description="" />
   <keyValuePair key="muxf7" value="478" description="" />
   <keyValuePair key="muxf8" value="159" description="" />
   <keyValuePair key="obuf" value="12" description="" />
   <keyValuePair key="ram32m" value="6" description="" />
   <keyValuePair key="ram64m" value="32" description="" />
   <keyValuePair key="ramb18e1" value="1" description="" />
   <keyValuePair key="ramb36e1" value="2" description="" />
   <keyValuePair key="srl16e" value="82" description="" />
   <keyValuePair key="srlc16e" value="2" description="" />
   <keyValuePair key="srlc32e" value="68" description="" />
   <keyValuePair key="vcc" value="7" description="" />
  </section>
 </section>
 <section name="vivado_usage" level="1" order="9" description="">
  <section name="gui_handlers" level="2" order="1" description="">
   <keyValuePair key="abstractcombinedpanel_remove_selected_elements" value="1" description="" />
   <keyValuePair key="abstractfileview_close" value="2" description="" />
   <keyValuePair key="abstractfileview_read_only" value="3" description="" />
   <keyValuePair key="addsrcwizard_specify_hdl_netlist_block_design" value="3" description="" />
   <keyValuePair key="addsrcwizard_specify_or_create_constraint_files" value="2" description="" />
   <keyValuePair key="addsrcwizard_specify_simulation_specific_hdl_files" value="1" description="" />
   <keyValuePair key="alertsetupdebugdialog_set_up_debug" value="1" description="" />
   <keyValuePair key="basedialog_apply" value="3" description="" />
   <keyValuePair key="basedialog_cancel" value="113" description="" />
   <keyValuePair key="basedialog_no" value="5" description="" />
   <keyValuePair key="basedialog_ok" value="542" description="" />
   <keyValuePair key="basedialog_yes" value="46" description="" />
   <keyValuePair key="basereporttab_rerun" value="1" description="" />
   <keyValuePair key="baseworkspace_restore" value="1" description="" />
   <keyValuePair key="cfgmempartchooser_manufacturer_chooser" value="5" description="" />
   <keyValuePair key="cfgmempartchooser_table" value="2" description="" />
   <keyValuePair key="clocknetworksreportview_clock_network_tree" value="21" description="" />
   <keyValuePair key="closeplanner_yes" value="2" description="" />
   <keyValuePair key="cmdmsgdialog_messages" value="8" description="" />
   <keyValuePair key="cmdmsgdialog_ok" value="74" description="" />
   <keyValuePair key="cmdmsgdialog_open_messages_view" value="13" description="" />
   <keyValuePair key="confirmsavetexteditsdialog_cancel" value="1" description="" />
   <keyValuePair key="createconstraintsfilepanel_file_name" value="1" description="" />
   <keyValuePair key="createsrcfiledialog_file_name" value="23" description="" />
   <keyValuePair key="createsrcfiledialog_file_type" value="3" description="" />
   <keyValuePair key="debugview_debug_cores_tree_table" value="11" description="" />
   <keyValuePair key="debugwizard_advanced_trigger" value="12" description="" />
   <keyValuePair key="debugwizard_capture_control" value="13" description="" />
   <keyValuePair key="debugwizard_chipscope_tree_table" value="84" description="" />
   <keyValuePair key="debugwizard_continue_debugging" value="1" description="" />
   <keyValuePair key="debugwizard_disconnect_all_nets_and_remove_debug" value="9" description="" />
   <keyValuePair key="debugwizard_find_nets_to_add" value="9" description="" />
   <keyValuePair key="debugwizard_find_results" value="1" description="" />
   <keyValuePair key="debugwizard_more_info" value="1" description="" />
   <keyValuePair key="debugwizard_netlist_view" value="1" description="" />
   <keyValuePair key="debugwizard_only_debug_new_nets" value="3" description="" />
   <keyValuePair key="debugwizard_remove_nets" value="4" description="" />
   <keyValuePair key="debugwizard_sample_of_data_depth" value="10" description="" />
   <keyValuePair key="debugwizard_select_clock_domain" value="19" description="" />
   <keyValuePair key="debugwizard_set_probe_type" value="6" description="" />
   <keyValuePair key="defaultoptionpane_close" value="1" description="" />
   <keyValuePair key="definemodulesdialog_define_modules_and_specify_io_ports" value="2" description="" />
   <keyValuePair key="editcreateclocktablepanel_edit_create_clock_table" value="2" description="" />
   <keyValuePair key="exportportsdialog_export_io_ports" value="2" description="" />
   <keyValuePair key="filesetpanel_file_set_panel_tree" value="878" description="" />
   <keyValuePair key="filesetpanel_messages" value="3" description="" />
   <keyValuePair key="filtertoolbar_show_all" value="2" description="" />
   <keyValuePair key="findandpicknetsdialog_nets_tree_table_panel" value="68" description="" />
   <keyValuePair key="flownavigatortreepanel_flow_navigator_tree" value="462" description="" />
   <keyValuePair key="fpgachooser_fpga_table" value="1" description="" />
   <keyValuePair key="generatedclocktablepanel_table" value="1" description="" />
   <keyValuePair key="gettingstartedview_create_new_project" value="1" description="" />
   <keyValuePair key="gettingstartedview_open_project" value="1" description="" />
   <keyValuePair key="graphicalview_zoom_fit" value="164" description="" />
   <keyValuePair key="graphicalview_zoom_in" value="19" description="" />
   <keyValuePair key="graphicalview_zoom_out" value="112" description="" />
   <keyValuePair key="hardwarecfgmemproppanels_specify_configuration_memory_programming" value="2" description="" />
   <keyValuePair key="hardwaredashboardoptionspanel_close_dashboard_options" value="9" description="" />
   <keyValuePair key="hardwaredashboardoptionspanel_layer_tree" value="16" description="" />
   <keyValuePair key="hardwaredashboardview_cell_name_for_debug_core" value="3" description="" />
   <keyValuePair key="hardwaredashboardview_show_dashboard_options" value="9" description="" />
   <keyValuePair key="hardwareilawaveformview_run_trigger_for_this_ila_core" value="66" description="" />
   <keyValuePair key="hardwareilawaveformview_run_trigger_immediate_for_this_ila_core" value="8" description="" />
   <keyValuePair key="hardwareilawaveformview_stop_trigger_for_this_ila_core" value="9" description="" />
   <keyValuePair key="hardwareilawaveformview_toggle_auto_re_trigger_mode" value="5" description="" />
   <keyValuePair key="hardwaretreepanel_hardware_tree_table" value="169" description="" />
   <keyValuePair key="hcodeeditor_blank_operations" value="2" description="" />
   <keyValuePair key="hcodeeditor_close" value="3" description="" />
   <keyValuePair key="hcodeeditor_commands_to_fold_text" value="1" description="" />
   <keyValuePair key="hcodeeditor_diff_with" value="1" description="" />
   <keyValuePair key="hcodeeditor_search_text_combo_box" value="61" description="" />
   <keyValuePair key="hpopuptitle_close" value="2" description="" />
   <keyValuePair key="ilaprobetablepanel_add_probe" value="4" description="" />
   <keyValuePair key="ilaprobetablepanel_add_probes" value="1" description="" />
   <keyValuePair key="ilaprobetablepanel_remove_selected_probe" value="1" description="" />
   <keyValuePair key="incrementalcompilechooserpanel_automatically_use_checkpoint" value="2" description="" />
   <keyValuePair key="incrementalcompilechooserpanel_specify_design_checkpoint" value="1" description="" />
   <keyValuePair key="incrementalrunpanel_turn_incremental_implementation_on" value="1" description="" />
   <keyValuePair key="instancemenu_floorplanning" value="2" description="" />
   <keyValuePair key="labtoolsmenu_1s" value="1" description="" />
   <keyValuePair key="labtoolsmenu_jtag_scan_rate" value="2" description="" />
   <keyValuePair key="labtoolsmenu_name" value="19" description="" />
   <keyValuePair key="launchpanel_generate_scripts_only" value="1" description="" />
   <keyValuePair key="launchpanel_launch_directory" value="3" description="" />
   <keyValuePair key="launchpanel_launch_runs_on_local_host" value="1" description="" />
   <keyValuePair key="logmonitor_monitor" value="28" description="" />
   <keyValuePair key="mainmenumgr_checkpoint" value="5" description="" />
   <keyValuePair key="mainmenumgr_constraints" value="1" description="" />
   <keyValuePair key="mainmenumgr_design_hubs" value="1" description="" />
   <keyValuePair key="mainmenumgr_edit" value="22" description="" />
   <keyValuePair key="mainmenumgr_export" value="2" description="" />
   <keyValuePair key="mainmenumgr_file" value="16" description="" />
   <keyValuePair key="mainmenumgr_floorplanning" value="11" description="" />
   <keyValuePair key="mainmenumgr_flow" value="106" description="" />
   <keyValuePair key="mainmenumgr_help" value="6" description="" />
   <keyValuePair key="mainmenumgr_import" value="1" description="" />
   <keyValuePair key="mainmenumgr_io_planning" value="13" description="" />
   <keyValuePair key="mainmenumgr_ip" value="4" description="" />
   <keyValuePair key="mainmenumgr_open_recent_project" value="2" description="" />
   <keyValuePair key="mainmenumgr_project" value="10" description="" />
   <keyValuePair key="mainmenumgr_reports" value="24" description="" />
   <keyValuePair key="mainmenumgr_run" value="8" description="" />
   <keyValuePair key="mainmenumgr_settings" value="47" description="" />
   <keyValuePair key="mainmenumgr_text_editor" value="3" description="" />
   <keyValuePair key="mainmenumgr_timing" value="8" description="" />
   <keyValuePair key="mainmenumgr_tools" value="57" description="" />
   <keyValuePair key="mainmenumgr_unselect_type" value="1" description="" />
   <keyValuePair key="mainmenumgr_view" value="19" description="" />
   <keyValuePair key="mainmenumgr_window" value="61" description="" />
   <keyValuePair key="maintoolbarmgr_run" value="23" description="" />
   <keyValuePair key="mainwinmenumgr_layout" value="26" description="" />
   <keyValuePair key="mainwinmenumgr_load" value="1" description="" />
   <keyValuePair key="messagewithoptiondialog_dont_show_this_dialog_again" value="6" description="" />
   <keyValuePair key="msgtreepanel_discard_user_created_messages" value="1" description="" />
   <keyValuePair key="msgtreepanel_message_severity" value="14" description="" />
   <keyValuePair key="msgtreepanel_message_view_tree" value="422" description="" />
   <keyValuePair key="msgview_clear_messages_resulting_from_user_executed" value="18" description="" />
   <keyValuePair key="msgview_critical_warnings" value="3" description="" />
   <keyValuePair key="msgview_error_messages" value="2" description="" />
   <keyValuePair key="msgview_information_messages" value="3" description="" />
   <keyValuePair key="msgview_status_messages" value="2" description="" />
   <keyValuePair key="msgview_warning_messages" value="9" description="" />
   <keyValuePair key="netlisttreeview_floorplanning" value="2" description="" />
   <keyValuePair key="netlisttreeview_netlist_tree" value="97" description="" />
   <keyValuePair key="nettablepanel_net_table" value="1" description="" />
   <keyValuePair key="numjobschooser_number_of_jobs" value="2" description="" />
   <keyValuePair key="openfileaction_cancel" value="1" description="" />
   <keyValuePair key="openfileaction_ok" value="3" description="" />
   <keyValuePair key="openfileaction_open_directory" value="1" description="" />
   <keyValuePair key="opentargetwizard_connect_to" value="2" description="" />
   <keyValuePair key="opentargetwizard_host_name" value="4" description="" />
   <keyValuePair key="overwriteconstraintsdialog_overwrite" value="1" description="" />
   <keyValuePair key="pacommandnames_about" value="1" description="" />
   <keyValuePair key="pacommandnames_add_config_memory" value="6" description="" />
   <keyValuePair key="pacommandnames_add_probes_to_waveform" value="11" description="" />
   <keyValuePair key="pacommandnames_add_sources" value="33" description="" />
   <keyValuePair key="pacommandnames_auto_connect_target" value="17" description="" />
   <keyValuePair key="pacommandnames_auto_update_hier" value="65" description="" />
   <keyValuePair key="pacommandnames_boot_device" value="1" description="" />
   <keyValuePair key="pacommandnames_close_project" value="2" description="" />
   <keyValuePair key="pacommandnames_close_server" value="2" description="" />
   <keyValuePair key="pacommandnames_create_hardware_dashboards" value="5" description="" />
   <keyValuePair key="pacommandnames_create_port_interface" value="1" description="" />
   <keyValuePair key="pacommandnames_debug_wizard" value="2" description="" />
   <keyValuePair key="pacommandnames_disable_auto_retrigger" value="1" description="" />
   <keyValuePair key="pacommandnames_edit_probe_enumeration" value="1" description="" />
   <keyValuePair key="pacommandnames_edit_simulation_sets" value="3" description="" />
   <keyValuePair key="pacommandnames_enable_auto_retrigger" value="1" description="" />
   <keyValuePair key="pacommandnames_export_pinout" value="3" description="" />
   <keyValuePair key="pacommandnames_goto_implemented_design" value="1" description="" />
   <keyValuePair key="pacommandnames_goto_netlist_design" value="10" description="" />
   <keyValuePair key="pacommandnames_mark_debug_net" value="4" description="" />
   <keyValuePair key="pacommandnames_message_window" value="1" description="" />
   <keyValuePair key="pacommandnames_open_hardware_manager" value="22" description="" />
   <keyValuePair key="pacommandnames_open_target_wizard" value="8" description="" />
   <keyValuePair key="pacommandnames_packager_create_interface_definition" value="1" description="" />
   <keyValuePair key="pacommandnames_ports_window" value="5" description="" />
   <keyValuePair key="pacommandnames_probes_window" value="6" description="" />
   <keyValuePair key="pacommandnames_program_config_memory" value="5" description="" />
   <keyValuePair key="pacommandnames_program_fpga" value="13" description="" />
   <keyValuePair key="pacommandnames_refresh_server" value="15" description="" />
   <keyValuePair key="pacommandnames_reports_window" value="1" description="" />
   <keyValuePair key="pacommandnames_run_bitgen" value="30" description="" />
   <keyValuePair key="pacommandnames_run_implementation" value="19" description="" />
   <keyValuePair key="pacommandnames_run_synthesis" value="14" description="" />
   <keyValuePair key="pacommandnames_save_design" value="1" description="" />
   <keyValuePair key="pacommandnames_set_as_top" value="11" description="" />
   <keyValuePair key="pacommandnames_set_used_in_prop" value="1" description="" />
   <keyValuePair key="pacommandnames_show_bus_plot" value="1" description="" />
   <keyValuePair key="pacommandnames_simulation_live_break" value="1" description="" />
   <keyValuePair key="pacommandnames_simulation_live_restart" value="13" description="" />
   <keyValuePair key="pacommandnames_simulation_live_run" value="31" description="" />
   <keyValuePair key="pacommandnames_simulation_live_run_all" value="96" description="" />
   <keyValuePair key="pacommandnames_simulation_relaunch" value="157" description="" />
   <keyValuePair key="pacommandnames_simulation_reset" value="6" description="" />
   <keyValuePair key="pacommandnames_simulation_run" value="58" description="" />
   <keyValuePair key="pacommandnames_simulation_run_behavioral" value="66" description="" />
   <keyValuePair key="pacommandnames_simulation_run_post_synthesis_functional" value="1" description="" />
   <keyValuePair key="pacommandnames_simulation_task" value="4" description="" />
   <keyValuePair key="pacommandnames_src_replace_file" value="2" description="" />
   <keyValuePair key="pacommandnames_stop_trigger" value="2" description="" />
   <keyValuePair key="pacommandnames_tcl_console_window" value="1" description="" />
   <keyValuePair key="pacommandnames_toggle_view_nav" value="18" description="" />
   <keyValuePair key="pacommandnames_unmark_debug_net" value="6" description="" />
   <keyValuePair key="pacommandnames_write_config_memory_file" value="2" description="" />
   <keyValuePair key="paviews_code" value="74" description="" />
   <keyValuePair key="paviews_dashboard" value="5" description="" />
   <keyValuePair key="paviews_device" value="3" description="" />
   <keyValuePair key="paviews_package" value="1" description="" />
   <keyValuePair key="paviews_project_summary" value="74" description="" />
   <keyValuePair key="paviews_timing_constraints" value="2" description="" />
   <keyValuePair key="pickclockdomainnetdialog_clock_domain_nets_tree" value="32" description="" />
   <keyValuePair key="pickclockdomainnetdialog_search_hierarchically" value="2" description="" />
   <keyValuePair key="pickclockdomainnetdialog_select_clock_domain_type" value="8" description="" />
   <keyValuePair key="planaheadtab_show_flow_navigator" value="15" description="" />
   <keyValuePair key="portmenu_configure_io_ports" value="2" description="" />
   <keyValuePair key="primaryclockspanel_recommended_constraints_table" value="6" description="" />
   <keyValuePair key="primitivesmenu_highlight_leaf_cells" value="1" description="" />
   <keyValuePair key="probesview_probes_tree" value="67" description="" />
   <keyValuePair key="programcfgmemdialog_contents_of_configuration_file" value="2" description="" />
   <keyValuePair key="programdebugtab_available_targets_on_server" value="3" description="" />
   <keyValuePair key="programdebugtab_open_recently_opened_target" value="29" description="" />
   <keyValuePair key="programdebugtab_open_target" value="29" description="" />
   <keyValuePair key="programdebugtab_program_device" value="35" description="" />
   <keyValuePair key="programdebugtab_refresh_device" value="16" description="" />
   <keyValuePair key="programfpgadialog_program" value="59" description="" />
   <keyValuePair key="programfpgadialog_specify_bitstream_file" value="13" description="" />
   <keyValuePair key="programfpgadialog_specify_debug_probes_file" value="10" description="" />
   <keyValuePair key="programoptionspanelimpl_write_incremental_synthesis" value="1" description="" />
   <keyValuePair key="progressdialog_background" value="3" description="" />
   <keyValuePair key="progressdialog_cancel" value="17" description="" />
   <keyValuePair key="projecttab_close_design" value="5" description="" />
   <keyValuePair key="projecttab_reload" value="24" description="" />
   <keyValuePair key="propertiesview_next_object" value="2" description="" />
   <keyValuePair key="propertiesview_previous_object" value="4" description="" />
   <keyValuePair key="rdicommands_copy" value="1" description="" />
   <keyValuePair key="rdicommands_custom_commands" value="3" description="" />
   <keyValuePair key="rdicommands_delete" value="9" description="" />
   <keyValuePair key="rdicommands_line_comment" value="4" description="" />
   <keyValuePair key="rdicommands_paste" value="2" description="" />
   <keyValuePair key="rdicommands_properties" value="10" description="" />
   <keyValuePair key="rdiviews_waveform_viewer" value="507" description="" />
   <keyValuePair key="removesourcesdialog_also_delete" value="1" description="" />
   <keyValuePair key="saveprojectutils_cancel" value="4" description="" />
   <keyValuePair key="saveprojectutils_dont_save" value="3" description="" />
   <keyValuePair key="saveprojectutils_save" value="23" description="" />
   <keyValuePair key="selectmenu_highlight" value="6" description="" />
   <keyValuePair key="selectmenu_mark" value="4" description="" />
   <keyValuePair key="settingsdialog_project_tree" value="12" description="" />
   <keyValuePair key="signaltreepanel_signal_tree_table" value="240" description="" />
   <keyValuePair key="simulationliverunforcomp_specify_time_and_units" value="5" description="" />
   <keyValuePair key="simulationobjectspanel_simulation_objects_tree_table" value="133" description="" />
   <keyValuePair key="simulationscopespanel_simulate_scope_table" value="211" description="" />
   <keyValuePair key="srcchooserpanel_add_hdl_and_netlist_files_to_your_project" value="11" description="" />
   <keyValuePair key="srcchooserpanel_add_or_create_source_file" value="14" description="" />
   <keyValuePair key="srcchooserpanel_change_source_properties" value="1" description="" />
   <keyValuePair key="srcchooserpanel_create_file" value="26" description="" />
   <keyValuePair key="srcchooserpanel_make_local_copy_of_these_files_into" value="1" description="" />
   <keyValuePair key="srcchooserpanel_scan_and_add_rtl_include_files_into" value="1" description="" />
   <keyValuePair key="srcchoosertable_src_chooser_table" value="10" description="" />
   <keyValuePair key="srcfileproppanels_type" value="1" description="" />
   <keyValuePair key="srcfiletypecombobox_source_file_type" value="3" description="" />
   <keyValuePair key="srcmenu_ip_hierarchy" value="62" description="" />
   <keyValuePair key="srcmenu_open_selected_source_files" value="1" description="" />
   <keyValuePair key="srcmenu_set_file_type" value="4" description="" />
   <keyValuePair key="stalerundialog_yes" value="1" description="" />
   <keyValuePair key="statemonitor_reset_run" value="2" description="" />
   <keyValuePair key="syntheticagettingstartedview_recent_projects" value="23" description="" />
   <keyValuePair key="syntheticastatemonitor_cancel" value="9" description="" />
   <keyValuePair key="sysmonsensortablepanel_system_monitor_sensor_table" value="1" description="" />
   <keyValuePair key="taskbanner_close" value="26" description="" />
   <keyValuePair key="tclconsoleview_clear_all_output_in_tcl_console" value="6" description="" />
   <keyValuePair key="tclconsoleview_tcl_console_code_editor" value="30" description="" />
   <keyValuePair key="tclobjecttreetable_treetable" value="8" description="" />
   <keyValuePair key="touchpointsurveydialog_no" value="3" description="" />
   <keyValuePair key="triggersetuppanel_table" value="26" description="" />
   <keyValuePair key="triggerstatuspanel_run_trigger_for_this_ila_core" value="1" description="" />
   <keyValuePair key="waveformnametree_waveform_name_tree" value="665" description="" />
   <keyValuePair key="waveformview_add" value="1" description="" />
   <keyValuePair key="waveformview_goto_last_time" value="1" description="" />
   <keyValuePair key="waveformview_goto_time_0" value="34" description="" />
   <keyValuePair key="writecfgmemfiledialog_format" value="1" description="" />
   <keyValuePair key="writecfgmemfiledialog_load_bitstream_files" value="3" description="" />
   <keyValuePair key="xpowersettingsdialog_cancel" value="1" description="" />
  </section>
  <section name="java_command_handlers" level="2" order="2" description="">
   <keyValuePair key="addcfgmem" value="6" description="" />
   <keyValuePair key="addprobestowaveform" value="11" description="" />
   <keyValuePair key="addsources" value="32" description="" />
   <keyValuePair key="autoconnecttarget" value="17" description="" />
   <keyValuePair key="bootdevice" value="1" description="" />
   <keyValuePair key="closeproject" value="3" description="" />
   <keyValuePair key="closeserver" value="2" description="" />
   <keyValuePair key="createinterfacedefinitionhandler" value="1" description="" />
   <keyValuePair key="createportinterface" value="1" description="" />
   <keyValuePair key="debugwizardcmdhandler" value="55" description="" />
   <keyValuePair key="disableautoretrigger" value="1" description="" />
   <keyValuePair key="editcopy" value="1" description="" />
   <keyValuePair key="editdelete" value="9" description="" />
   <keyValuePair key="editprobeenums" value="1" description="" />
   <keyValuePair key="editproperties" value="9" description="" />
   <keyValuePair key="editsimulationsets" value="3" description="" />
   <keyValuePair key="editundo" value="7" description="" />
   <keyValuePair key="enableautoretrigger" value="1" description="" />
   <keyValuePair key="exportioports" value="3" description="" />
   <keyValuePair key="fliptoviewtaskimplementation" value="2" description="" />
   <keyValuePair key="fliptoviewtasksynthesis" value="1" description="" />
   <keyValuePair key="helpabout" value="1" description="" />
   <keyValuePair key="launchopentarget" value="8" description="" />
   <keyValuePair key="launchprogramfpga" value="68" description="" />
   <keyValuePair key="markdebug" value="4" description="" />
   <keyValuePair key="newhardwaredashboard" value="4" description="" />
   <keyValuePair key="newproject" value="1" description="" />
   <keyValuePair key="openhardwaremanager" value="62" description="" />
   <keyValuePair key="openproject" value="1" description="" />
   <keyValuePair key="openrecenttarget" value="18" description="" />
   <keyValuePair key="opentarget" value="1" description="" />
   <keyValuePair key="programcfgmem" value="9" description="" />
   <keyValuePair key="programdevice" value="21" description="" />
   <keyValuePair key="refreshdevice" value="13" description="" />
   <keyValuePair key="refreshserver" value="14" description="" />
   <keyValuePair key="reportclockinteraction" value="1" description="" />
   <keyValuePair key="reportclocknetworks" value="2" description="" />
   <keyValuePair key="resetlayout" value="1" description="" />
   <keyValuePair key="runbitgen" value="76" description="" />
   <keyValuePair key="runimplementation" value="76" description="" />
   <keyValuePair key="runsynthesis" value="82" description="" />
   <keyValuePair key="runtrigger" value="60" description="" />
   <keyValuePair key="runtriggerimmediate" value="8" description="" />
   <keyValuePair key="savedesign" value="15" description="" />
   <keyValuePair key="savefileproxyhandler" value="22" description="" />
   <keyValuePair key="setjtagscanrate" value="1" description="" />
   <keyValuePair key="setsourceenabled" value="1" description="" />
   <keyValuePair key="settopnode" value="11" description="" />
   <keyValuePair key="showbusplot" value="1" description="" />
   <keyValuePair key="showpowerestimation" value="1" description="" />
   <keyValuePair key="showview" value="66" description="" />
   <keyValuePair key="simulationclose" value="1" description="" />
   <keyValuePair key="simulationrelaunch" value="152" description="" />
   <keyValuePair key="simulationrestart" value="13" description="" />
   <keyValuePair key="simulationrun" value="65" description="" />
   <keyValuePair key="simulationrunall" value="134" description="" />
   <keyValuePair key="simulationrunfortime" value="28" description="" />
   <keyValuePair key="stoptrigger" value="13" description="" />
   <keyValuePair key="tclfind" value="1" description="" />
   <keyValuePair key="timingconstraintswizard" value="2" description="" />
   <keyValuePair key="toggleviewnavigator" value="18" description="" />
   <keyValuePair key="toolssettings" value="10" description="" />
   <keyValuePair key="unmarkdebug" value="4" description="" />
   <keyValuePair key="updatesourcefiles" value="1" description="" />
   <keyValuePair key="viewlayoutcmd" value="3" description="" />
   <keyValuePair key="viewtaskimplementation" value="20" description="" />
   <keyValuePair key="viewtaskprojectmanager" value="28" description="" />
   <keyValuePair key="viewtasksimulation" value="4" description="" />
   <keyValuePair key="viewtasksynthesis" value="14" description="" />
   <keyValuePair key="waveformsaveconfiguration" value="5" description="" />
   <keyValuePair key="writecfgmemfile" value="2" description="" />
   <keyValuePair key="xdccreateclock" value="1" description="" />
  </section>
  <section name="other_data" level="2" order="3" description="">
   <keyValuePair key="guimode" value="22" description="" />
  </section>
  <section name="project_data" level="2" order="4" description="">
   <keyValuePair key="constraintsetcount" value="1" description="" />
   <keyValuePair key="core_container" value="false" description="" />
   <keyValuePair key="currentimplrun" value="impl_1" description="" />
   <keyValuePair key="currentsynthesisrun" value="synth_1" description="" />
   <keyValuePair key="default_library" value="xil_defaultlib" description="" />
   <keyValuePair key="designmode" value="RTL" description="" />
   <keyValuePair key="export_simulation_activehdl" value="0" description="" />
   <keyValuePair key="export_simulation_ies" value="0" description="" />
   <keyValuePair key="export_simulation_modelsim" value="0" description="" />
   <keyValuePair key="export_simulation_questa" value="0" description="" />
   <keyValuePair key="export_simulation_riviera" value="0" description="" />
   <keyValuePair key="export_simulation_vcs" value="0" description="" />
   <keyValuePair key="export_simulation_xsim" value="0" description="" />
   <keyValuePair key="implstrategy" value="Vivado Implementation Defaults" description="" />
   <keyValuePair key="launch_simulation_activehdl" value="0" description="" />
   <keyValuePair key="launch_simulation_ies" value="0" description="" />
   <keyValuePair key="launch_simulation_modelsim" value="0" description="" />
   <keyValuePair key="launch_simulation_questa" value="0" description="" />
   <keyValuePair key="launch_simulation_riviera" value="0" description="" />
   <keyValuePair key="launch_simulation_vcs" value="0" description="" />
   <keyValuePair key="launch_simulation_xsim" value="382" description="" />
   <keyValuePair key="simulator_language" value="Mixed" description="" />
   <keyValuePair key="srcsetcount" value="20" description="" />
   <keyValuePair key="synthesisstrategy" value="Vivado Synthesis Defaults" description="" />
   <keyValuePair key="target_language" value="Verilog" description="" />
   <keyValuePair key="target_simulator" value="XSim" description="" />
   <keyValuePair key="totalimplruns" value="1" description="" />
   <keyValuePair key="totalsynthesisruns" value="1" description="" />
  </section>
 </section>
 <section name="xsim" level="1" order="10" description="">
  <section name="command_line_options" level="2" order="1" description="">
   <keyValuePair key="-sim_mode" value="default::behavioral" description="" />
   <keyValuePair key="-sim_type" value="default::" description="" />
  </section>
 </section>
</section>
</webTalkData>
